Date_TimeUTC,Date_TimeEU,User,Id,Source,Tweet.content,Tweet.URL,Outlinks,ReplyCount,RetweetCount,LikeCount,QuoteCount,ViewCount,Language,Hashtags,Media+,MentionedUsers,inReplyToUser,inReplyToTweetId,Year
2014-01-06 19:05:31,2014-01-06 20:05:31,elonmusk,420269918005628928,"<a href=""http://twitter.com"" rel=""nofollow"">Twitter Web Client</a>",Preparing to launch a Thaicom satellite to geostationary super-sync orbit at 5pm Florida time http://t.co/cEq8TEXeo6,https://twitter.com/elonmusk/status/420269918005628928,[],97,375,407,0,,en,,"[Photo(previewUrl='https://pbs.twimg.com/media/BdUZQ4UCEAAb0Vk?format=png&name=small', fullUrl='https://pbs.twimg.com/media/BdUZQ4UCEAAb0Vk?format=png&name=large', altText=None)]",,,,2014
2014-01-06 23:05:03,2014-01-07 00:05:03,elonmusk,420330200186880000,Twitter for iPhone,@westcoastbill Thanks Bill! Sure is a great start to 2014 :),https://twitter.com/elonmusk/status/420330200186880000,[],19,6,52,23,,en,,,"[User(username='westcoastbill', id=692023, displayname='bill lee üêæ', rawDescription=None, renderedDescription=None, descriptionLinks=None, verified=None, created=None, followersCount=None, friendsCount=None, statusesCount=None, favouritesCount=None, listedCount=None, mediaCount=None, location=None, protected=None, link=None, profileImageUrl=None, profileBannerUrl=None, label=None)]",https://twitter.com/westcoastbill,4.203299382945628e+17,2014
2014-01-07 00:38:53,2014-01-07 01:38:53,elonmusk,420353814579802112,"<a href=""http://twitter.com"" rel=""nofollow"">Twitter Web Client</a>",Rough cut of Falcon 9 Thaicom flight http://t.co/aC3k4neWie,https://twitter.com/elonmusk/status/420353814579802112,['http://www.youtube.com/watch?v=-np8yPS8JQQ&feature=youtu.be'],88,277,271,1,,en,,,,,,2014
2014-01-23 20:40:34,2014-01-23 21:40:34,elonmusk,426454433916940288,"<a href=""http://twitter.com"" rel=""nofollow"">Twitter Web Client</a>",Tesla policy is to charge the same price (+ taxes &amp; shipping) everywhere in the world http://t.co/cXOtokcBeG,https://twitter.com/elonmusk/status/426454433916940290,['http://teslamotors.com/blog/fair-price'],164,515,507,0,,en,,,,,,2014
2014-01-26 09:27:04,2014-01-26 10:27:04,elonmusk,427372102820573184,Twitter for iPhone,Will be doing the LA-NY family road trip over Spring Break. Made everyone watch National Lampoon's Vacation as prep.,https://twitter.com/elonmusk/status/427372102820573184,[],98,359,656,0,,en,,,,,,2014
2014-01-26 09:30:23,2014-01-26 10:30:23,elonmusk,427372940603437120,Twitter for iPhone,"Two teams from Tesla aiming to set a cross-country EV speed record this week. Departing Fri from LA, arriving Sun in NY.",https://twitter.com/elonmusk/status/427372940603437056,[],92,357,325,0,,en,,,,,,2014
2014-01-26 09:24:58,2014-01-26 10:24:58,elonmusk,427371574451507200,Twitter for iPhone,"Tesla Supercharger network now energized from New York to LA, both coast + Texas! Approx 80% of US population covered.",https://twitter.com/elonmusk/status/427371574451507200,[],98,811,632,0,,en,,,,,,2014
2014-01-30 07:17:30,2014-01-30 08:17:30,elonmusk,428789050925785088,Twitter for iPhone,Tesla cars are now in all 50 US states (map credit Edmunds)! http://t.co/ehq2Muu5cr,https://twitter.com/elonmusk/status/428789050925785088,[],239,1022,1098,0,,en,,"[Photo(previewUrl='https://pbs.twimg.com/media/BfNdXrOCMAAGdxk?format=jpg&name=small', fullUrl='https://pbs.twimg.com/media/BfNdXrOCMAAGdxk?format=jpg&name=large', altText=None)]",,,,2014
2014-02-02 14:07:53,2014-02-02 15:07:53,elonmusk,429979489922461696,Twitter for iPhone,Tesla LA to NY Supercharger rally just completed in 76 hours across northern route in dead of winter thru heavy snow!,https://twitter.com/elonmusk/status/429979489922461696,[],217,1111,1039,1,,en,,,,,,2014
2014-02-07 17:54:59,2014-02-07 18:54:59,elonmusk,431848580710555584,"<a href=""https://dev.twitter.com/docs/tfw"" rel=""nofollow"">Twitter for Websites</a>","Value is holding up ""Tesla car is worth more used than new | MNN - http://t.co/NLLdo1jBzM""",https://twitter.com/elonmusk/status/431848580710555648,['http://www.mnn.com/green-tech/transportation/blogs/huh-tesla-car-is-worth-more-used-than-new'],85,482,422,2,,en,,,,,,2014
2014-02-09 06:08:14,2014-02-09 07:08:14,elonmusk,432395496972238784,Twitter for iPhone,"Saw The Lego Movie earlier today. Brilliant writing and humor! Loved the ""Everything is awesome..."" theme song.",https://twitter.com/elonmusk/status/432395496972238848,[],105,555,890,5,,en,,,,,,2014
2014-02-09 21:36:53,2014-02-09 22:36:53,elonmusk,432629198662807616,Twitter for iPhone,"Tesla V6 software upload coming soon. Need to make sure it is ""awesome"" - Lord Business",https://twitter.com/elonmusk/status/432629198662807553,[],145,333,507,2,,en,,,,,,2014
2014-02-11 03:55:25,2014-02-11 04:55:25,elonmusk,433086849507004416,"<a href=""http://twitter.com"" rel=""nofollow"">Twitter Web Client</a>",Auto dealers trying to pass a law to enforce their monopoly in Ohio &amp; prevent consumer choice... http://t.co/VQdMAZqGwR,https://twitter.com/elonmusk/status/433086849507004416,['http://www.cleveland.com/open/index.ssf/2014/02/auto_dealers_push_legislation.html'],180,557,289,0,,en,,,,,,2014
2014-02-14 00:58:23,2014-02-14 01:58:23,elonmusk,434129460179128320,"<a href=""http://twitter.com"" rel=""nofollow"">Twitter Web Client</a>",Welcome back Jade Rabbit! #Yutu http://t.co/5tOmLEJUfG,https://twitter.com/elonmusk/status/434129460179128320,"['http://www.latimes.com/science/sciencenow/la-sci-sn-chinas-lunar-rover-20140213,0,675011.story#axzz2tFffCAfc']",35,154,213,6,,en,['Yutu'],,,,,2014
2014-02-24 01:32:23,2014-02-24 02:32:23,elonmusk,437761896028975104,Twitter for iPhone,Mounting landing legs (~60 ft span) to Falcon 9 for next month's Space Station servicing flight http://t.co/zyfazr2BB2,https://twitter.com/elonmusk/status/437761896028975104,[],124,1018,1020,0,,en,,"[Photo(previewUrl='https://pbs.twimg.com/media/BhM-H_4CUAAWcP0?format=jpg&name=small', fullUrl='https://pbs.twimg.com/media/BhM-H_4CUAAWcP0?format=jpg&name=large', altText=None)]",,,,2014
2014-02-24 01:37:05,2014-02-24 02:37:05,elonmusk,437763077753147392,Twitter for iPhone,"However, F9 will continue to land in the ocean until we prove precision control from hypersonic thru subsonic regimes",https://twitter.com/elonmusk/status/437763077753147392,[],73,212,279,0,,en,,,,,,2014
2014-02-25 18:22:03,2014-02-25 19:22:03,elonmusk,438378373027360768,"<a href=""http://www.apple.com"" rel=""nofollow"">iOS</a>",All four landing legs now mounted on Falcon 9 http://t.co/5ZNG1NflsG,https://twitter.com/elonmusk/status/438378373027360768,[],123,740,960,0,,en,,"[Photo(previewUrl='https://pbs.twimg.com/media/BhVuzreCQAABcUo?format=jpg&name=small', fullUrl='https://pbs.twimg.com/media/BhVuzreCQAABcUo?format=jpg&name=large', altText=None)]",,,,2014
2014-02-25 18:39:16,2014-02-25 19:39:16,elonmusk,438382707471446016,"<a href=""https://dev.twitter.com/docs/tfw"" rel=""nofollow"">Twitter for Websites</a>",Model S receives highest customer satisfaction score of any car ever surveyed by Consumer Reports http://t.co/wHF5SUoZJi,https://twitter.com/elonmusk/status/438382707471446016,['http://www.cnbc.com/id/101444215'],144,909,761,2,,en,,,,,,2014
2014-03-05 14:46:12,2014-03-05 15:46:12,elonmusk,441223153768226816,Twitter for iPhone,About to testify before Senate against ULA (Lockheed and Boeing) monopoly contract for national security launches,https://twitter.com/elonmusk/status/441223153768226816,[],173,421,777,1,,en,,,,,,2014
2014-03-07 00:23:59,2014-03-07 01:23:59,elonmusk,441730947835121728,"<a href=""http://twitter.com"" rel=""nofollow"">Twitter Web Client</a>","@TeslaRoadTrip Thanks, I really appreciate your support!",https://twitter.com/elonmusk/status/441730947835121667,[],36,16,118,1,,en,,,"[User(username='TeslaRoadTrip', id=1182382878, displayname='TeslaRoadTrip', rawDescription=None, renderedDescription=None, descriptionLinks=None, verified=None, created=None, followersCount=None, friendsCount=None, statusesCount=None, favouritesCount=None, listedCount=None, mediaCount=None, location=None, protected=None, link=None, profileImageUrl=None, profileBannerUrl=None, label=None)]",https://twitter.com/TeslaRoadTrip,4.413354959233434e+17,2014
2014-03-10 21:02:07,2014-03-10 22:02:07,elonmusk,443129698231386112,"<a href=""http://twitter.com"" rel=""nofollow"">Twitter Web Client</a>","@gordon_tindall Yeah, I'm giving a talk for homeless kids at the Union Rescue Mission in LA",https://twitter.com/elonmusk/status/443129698231386112,[],9,9,63,2,,en,,,"[User(username='gordon_tindall', id=1550267243312857093, displayname='Gordon Tindall', rawDescription=None, renderedDescription=None, descriptionLinks=None, verified=None, created=None, followersCount=None, friendsCount=None, statusesCount=None, favouritesCount=None, listedCount=None, mediaCount=None, location=None, protected=None, link=None, profileImageUrl=None, profileBannerUrl=None, label=None)]",https://twitter.com/_gordee,4.431276105081856e+17,2014
2014-03-11 15:23:26,2014-03-11 16:23:26,elonmusk,443406853553152000,Twitter for iPhone,New Jersey auto dealers subverting democratic process to try to block Tesla sales http://t.co/PLY97W1oh0,https://twitter.com/elonmusk/status/443406853553152000,['http://teslamotors.com/blog/defending-innovation-and-consumer-choice-new-jersey'],205,1161,431,1,,en,,,,,,2014
2014-03-11 02:15:53,2014-03-11 03:15:53,elonmusk,443208657543516224,Twitter for iPhone,"Interesting ‚Äú@om:Physicist proposes a new type of computing at SXSW. Check out orbital computing http://t.co/9tawuy5dMc""",https://twitter.com/elonmusk/status/443208657543516160,['http://gigaom.com/2014/03/10/physicist-proposes-a-new-type-of-computing-at-sxsw-check-out-orbital-computing/'],29,396,440,0,,en,,,"[User(username='om', id=989, displayname='OM', rawDescription=None, renderedDescription=None, descriptionLinks=None, verified=None, created=None, followersCount=None, friendsCount=None, statusesCount=None, favouritesCount=None, listedCount=None, mediaCount=None, location=None, protected=None, link=None, profileImageUrl=None, profileBannerUrl=None, label=None)]",https://twitter.com/om,4.431947133491814e+17,2014
2014-03-14 06:20:48,2014-03-14 07:20:48,elonmusk,444357457733632000,"<a href=""http://twitter.com"" rel=""nofollow"">Twitter Web Client</a>",Just discovered a great Tesla ad made by 2 recent college grads. I love it! http://t.co/20dPRD9yrJ,https://twitter.com/elonmusk/status/444357457733632000,['http://www.youtube.com/watch?v=KKbRAazkiWc'],183,1278,1288,4,,en,,,,,,2014
2014-03-14 06:25:47,2014-03-14 07:25:47,elonmusk,444358711796985920,"<a href=""http://twitter.com"" rel=""nofollow"">Twitter Web Client</a>","@X4NWO Well, now that Satoshi Nakamoto has been discovered, I guess it is case closed ... :)",https://twitter.com/elonmusk/status/444358711796985857,[],74,188,608,88,,en,,,"[User(username='X4NWO', id=246605773, displayname='Noel Rojo', rawDescription=None, renderedDescription=None, descriptionLinks=None, verified=None, created=None, followersCount=None, friendsCount=None, statusesCount=None, favouritesCount=None, listedCount=None, mediaCount=None, location=None, protected=None, link=None, profileImageUrl=None, profileBannerUrl=None, label=None)]",https://twitter.com/X4NWO,4.443581738816676e+17,2014
2014-03-14 06:28:03,2014-03-14 07:28:03,elonmusk,444359283736473600,"<a href=""http://twitter.com"" rel=""nofollow"">Twitter Web Client</a>","@TeamAizek Not true. The amount of graphite in our car is small, comes from Japan and is mined in a very clean way.",https://twitter.com/elonmusk/status/444359283736473600,[],5,14,44,0,,en,,,,https://twitter.com/teamisaacteq,4.443583442878546e+17,2014
2014-03-14 06:29:14,2014-03-14 07:29:14,elonmusk,444359579791392768,"<a href=""http://twitter.com"" rel=""nofollow"">Twitter Web Client</a>","@jnags92 Yes, I'm confident that Tesla will do something with them.",https://twitter.com/elonmusk/status/444359579791392769,[],9,7,57,0,,en,,,"[User(username='jnags92', id=319106416, displayname='jared nagano', rawDescription=None, renderedDescription=None, descriptionLinks=None, verified=None, created=None, followersCount=None, friendsCount=None, statusesCount=None, favouritesCount=None, listedCount=None, mediaCount=None, location=None, protected=None, link=None, profileImageUrl=None, profileBannerUrl=None, label=None)]",https://twitter.com/jnags92,4.443586584496292e+17,2014
2014-03-14 18:35:37,2014-03-14 19:35:37,elonmusk,444542383099637824,"<a href=""http://twitter.com"" rel=""nofollow"">Twitter Web Client</a>",Working on a Model S environmental impact blog this weekend to counteract BS like the @Bloomberg graphite story. Beyond ridiculous...,https://twitter.com/elonmusk/status/444542383099637760,[],162,453,657,1,,en,,,"[User(username='Bloomberg', id=104237736, displayname='Bloomberg', rawDescription=None, renderedDescription=None, descriptionLinks=None, verified=None, created=None, followersCount=None, friendsCount=None, statusesCount=None, favouritesCount=None, listedCount=None, mediaCount=None, location=None, protected=None, link=None, profileImageUrl=None, profileBannerUrl=None, label=None)]",,,2014
2014-03-14 20:56:02,2014-03-14 21:56:02,elonmusk,444577717812334592,"<a href=""http://twitter.com"" rel=""nofollow"">Twitter Web Client</a>",Regarding Gov. Christie's action to impede direct sales of automobiles in New Jersey http://t.co/v92hjzSKne,https://twitter.com/elonmusk/status/444577717812334592,['http://www.teslamotors.com/blog/people-new-jersey'],232,1236,700,1,,en,,,,,,2014
2014-03-17 01:55:53,2014-03-17 02:55:53,elonmusk,445377952402780224,Twitter for iPhone,"Russian state TV threatens US with nuclear war, showing missile arc &amp; mushroom cloud images http://t.co/B4ARd2fdb8",https://twitter.com/elonmusk/status/445377952402780160,['http://news.yahoo.com/state-tv-says-russia-could-turn-us-radioactive-212003397.html'],264,969,344,7,,en,,,,,,2014
2014-03-19 18:12:28,2014-03-19 19:12:28,elonmusk,446348496157675520,Twitter for iPhone,@FlateFred agreed,https://twitter.com/elonmusk/status/446348496157675522,[],8,2,25,0,,en,,,"[User(username='FlateFred', id=823900861, displayname='properquick', rawDescription=None, renderedDescription=None, descriptionLinks=None, verified=None, created=None, followersCount=None, friendsCount=None, statusesCount=None, favouritesCount=None, listedCount=None, mediaCount=None, location=None, protected=None, link=None, profileImageUrl=None, profileBannerUrl=None, label=None)]",https://twitter.com/FlateFred,4.463104498026701e+17,2014
2014-03-25 14:26:50,2014-03-25 15:26:50,elonmusk,448466037441179584,Twitter for iPhone,@cairnz 80% to 30%,https://twitter.com/elonmusk/status/448466037441179649,[],14,8,99,5,,und,,,"[User(username='cairnz', id=20920324, displayname='Mats Remman', rawDescription=None, renderedDescription=None, descriptionLinks=None, verified=None, created=None, followersCount=None, friendsCount=None, statusesCount=None, favouritesCount=None, listedCount=None, mediaCount=None, location=None, protected=None, link=None, profileImageUrl=None, profileBannerUrl=None, label=None)]",https://twitter.com/cairnz,4.484038372428513e+17,2014
2014-03-31 15:11:10,2014-03-31 17:11:10,elonmusk,450651522116767680,"<a href=""http://www.apple.com"" rel=""nofollow"">iOS</a>",Just stayed at the Rocket (yes!) Motel near Mt Rushmore. Sudden blizzard making road trip tricky http://t.co/TRIPC7dKwK,https://twitter.com/elonmusk/status/450651522116767744,[],91,131,512,4,,en,,"[Photo(previewUrl='https://pbs.twimg.com/media/BkEJK-0CAAAaL6V?format=jpg&name=small', fullUrl='https://pbs.twimg.com/media/BkEJK-0CAAAaL6V?format=jpg&name=large', altText=None)]",,,,2014
2014-03-31 15:35:37,2014-03-31 17:35:37,elonmusk,450657675978629120,"<a href=""http://www.apple.com"" rel=""nofollow"">iOS</a>",Now having breakfast at ... http://t.co/8tGI3L0iGg,https://twitter.com/elonmusk/status/450657675978629120,[],63,57,264,0,,en,,"[Photo(previewUrl='https://pbs.twimg.com/media/BkEOxLWCMAAt9q_?format=jpg&name=small', fullUrl='https://pbs.twimg.com/media/BkEOxLWCMAAt9q_?format=jpg&name=large', altText=None)]",,,,2014
2014-03-31 17:52:49,2014-03-31 19:52:49,elonmusk,450692202801688576,Twitter for iPhone,Snowed in at Mt. Rushmore @GoParks http://t.co/X6G7CeArPB,https://twitter.com/elonmusk/status/450692202801688576,[],95,116,448,0,,en,,"[Photo(previewUrl='https://pbs.twimg.com/media/BkEuK6HIEAAPIr_?format=jpg&name=small', fullUrl='https://pbs.twimg.com/media/BkEuK6HIEAAPIr_?format=jpg&name=large', altText=None)]","[User(username='GoParks', id=1296848348297732098, displayname='goparks', rawDescription=None, renderedDescription=None, descriptionLinks=None, verified=None, created=None, followersCount=None, friendsCount=None, statusesCount=None, favouritesCount=None, listedCount=None, mediaCount=None, location=None, protected=None, link=None, profileImageUrl=None, profileBannerUrl=None, label=None)]",,,2014
2014-04-01 20:32:13,2014-04-01 22:32:13,elonmusk,451094706479308800,Twitter for iPhone,Announcing a revolutionary Tesla driving technology http://t.co/8QCmjGpLOR,https://twitter.com/elonmusk/status/451094706479308800,['http://teslamotors.com/blog/pet-driving-cars'],116,618,575,1,,en,,,,,,2014
2014-04-05 19:57:08,2014-04-05 21:57:08,elonmusk,452535429716135872,Twitter for iPhone,@BKuppersmith Coming soon,https://twitter.com/elonmusk/status/452535429716135936,[],4,1,15,0,,en,,,"[User(username='BKuppersmith', id=1431097450970898442, displayname='Barbara Kuppersmith', rawDescription=None, renderedDescription=None, descriptionLinks=None, verified=None, created=None, followersCount=None, friendsCount=None, statusesCount=None, favouritesCount=None, listedCount=None, mediaCount=None, location=None, protected=None, link=None, profileImageUrl=None, profileBannerUrl=None, label=None)]",https://twitter.com/bkatl80,4.525328826289357e+17,2014
2014-04-05 19:56:35,2014-04-05 21:56:35,elonmusk,452535291115352128,Twitter for iPhone,"@OlejAndersen Once 5.9 is rolled out to the whole fleet and all looks good, we will roll out 6.0 to owners on our public beta program",https://twitter.com/elonmusk/status/452535291115352064,[],6,2,13,0,,en,,,"[User(username='OlejAndersen', id=119755435, displayname='Ole J√∏rgen Andersen', rawDescription=None, renderedDescription=None, descriptionLinks=None, verified=None, created=None, followersCount=None, friendsCount=None, statusesCount=None, favouritesCount=None, listedCount=None, mediaCount=None, location=None, protected=None, link=None, profileImageUrl=None, profileBannerUrl=None, label=None)]",https://twitter.com/elonmusk,4.525344122912113e+17,2014
2014-04-05 01:19:01,2014-04-05 03:19:01,elonmusk,452254046024265728,"<a href=""http://twitter.com"" rel=""nofollow"">Twitter Web Client</a>",Review of Model S by @BBC_TopGear much appreciated http://t.co/5PmhlfAIVn,https://twitter.com/elonmusk/status/452254046024265728,['http://www.topgear.com/uk/photos/Maserati-Ghibli-takes-on-Model-S-2014-04-03'],69,435,629,0,,en,,,"[User(username='BBC_TopGear', id=52344859, displayname='Top Gear', rawDescription=None, renderedDescription=None, descriptionLinks=None, verified=None, created=None, followersCount=None, friendsCount=None, statusesCount=None, favouritesCount=None, listedCount=None, mediaCount=None, location=None, protected=None, link=None, profileImageUrl=None, profileBannerUrl=None, label=None)]",,,2014
2014-04-05 19:53:06,2014-04-05 21:53:06,elonmusk,452534412291211328,Twitter for iPhone,"@OlejAndersen Some challenges w 5.9 rollout, as it contains software specially written for car owners in Norway &amp; Belgium",https://twitter.com/elonmusk/status/452534412291211264,[],2,1,16,0,,en,,,"[User(username='OlejAndersen', id=119755435, displayname='Ole J√∏rgen Andersen', rawDescription=None, renderedDescription=None, descriptionLinks=None, verified=None, created=None, followersCount=None, friendsCount=None, statusesCount=None, favouritesCount=None, listedCount=None, mediaCount=None, location=None, protected=None, link=None, profileImageUrl=None, profileBannerUrl=None, label=None)]",https://twitter.com/OlejAndersen,4.525321496365957e+17,2014
2014-04-07 15:46:45,2014-04-07 17:46:45,elonmusk,453197193701507072,Twitter for iPhone,Some oddly inaccurate news stories of late ...,https://twitter.com/elonmusk/status/453197193701507073,[],38,57,148,1,,en,,,,,,2014
2014-04-07 15:46:57,2014-04-07 17:46:57,elonmusk,453197245211746304,Twitter for iPhone,"The @MikeJudge show about Silicon Valley missed the mark in some ways, but I didn't hate it, as @Recode reporter claimed",https://twitter.com/elonmusk/status/453197245211746304,[],17,98,172,0,,en,,,"[User(username='MikeJudge', id=930625267, displayname='Mike Judge', rawDescription=None, renderedDescription=None, descriptionLinks=None, verified=None, created=None, followersCount=None, friendsCount=None, statusesCount=None, favouritesCount=None, listedCount=None, mediaCount=None, location=None, protected=None, link=None, profileImageUrl=None, profileBannerUrl=None, label=None), User(username='Recode', id=2244340904, displayname='Recode', rawDescription=None, renderedDescription=None, descriptionLinks=None, verified=None, created=None, followersCount=None, friendsCount=None, statusesCount=None, favouritesCount=None, listedCount=None, mediaCount=None, location=None, protected=None, link=None, profileImageUrl=None, profileBannerUrl=None, label=None)]",,,2014
2014-04-07 15:47:29,2014-04-07 17:47:29,elonmusk,453197377504313280,Twitter for iPhone,"Bloomberg article today also has oddly false details. I don't eat breakfast at Tesla and drink coffee, not juice.",https://twitter.com/elonmusk/status/453197377504313345,[],96,267,496,2,,en,,,,,,2014
2014-04-07 15:52:32,2014-04-07 17:52:32,elonmusk,453198648323874816,Twitter for iPhone,"@justincooperman @MikeJudge @Recode Yeah, that about sums it up",https://twitter.com/elonmusk/status/453198648323874816,[],1,1,9,0,,en,,,"[User(username='justincooperman', id=19798880, displayname='Justin Cooperman', rawDescription=None, renderedDescription=None, descriptionLinks=None, verified=None, created=None, followersCount=None, friendsCount=None, statusesCount=None, favouritesCount=None, listedCount=None, mediaCount=None, location=None, protected=None, link=None, profileImageUrl=None, profileBannerUrl=None, label=None), User(username='MikeJudge', id=930625267, displayname='Mike Judge', rawDescription=None, renderedDescription=None, descriptionLinks=None, verified=None, created=None, followersCount=None, friendsCount=None, statusesCount=None, favouritesCount=None, listedCount=None, mediaCount=None, location=None, protected=None, link=None, profileImageUrl=None, profileBannerUrl=None, label=None), User(username='Recode', id=2244340904, displayname='Recode', rawDescription=None, renderedDescription=None, descriptionLinks=None, verified=None, created=None, followersCount=None, friendsCount=None, statusesCount=None, favouritesCount=None, listedCount=None, mediaCount=None, location=None, protected=None, link=None, profileImageUrl=None, profileBannerUrl=None, label=None)]",https://twitter.com/justincooperman,4.531977602760991e+17,2014
2014-04-07 15:54:37,2014-04-07 17:54:37,elonmusk,453199172389588992,Twitter for iPhone,@MarinaSBlinova @MikeJudge @Recode That would definitely help,https://twitter.com/elonmusk/status/453199172389588992,[],0,1,6,0,,en,,,"[User(username='MarinaSBlinova', id=2394729776, displayname='Marina Blinova', rawDescription=None, renderedDescription=None, descriptionLinks=None, verified=None, created=None, followersCount=None, friendsCount=None, statusesCount=None, favouritesCount=None, listedCount=None, mediaCount=None, location=None, protected=None, link=None, profileImageUrl=None, profileBannerUrl=None, label=None), User(username='MikeJudge', id=930625267, displayname='Mike Judge', rawDescription=None, renderedDescription=None, descriptionLinks=None, verified=None, created=None, followersCount=None, friendsCount=None, statusesCount=None, favouritesCount=None, listedCount=None, mediaCount=None, location=None, protected=None, link=None, profileImageUrl=None, profileBannerUrl=None, label=None), User(username='Recode', id=2244340904, displayname='Recode', rawDescription=None, renderedDescription=None, descriptionLinks=None, verified=None, created=None, followersCount=None, friendsCount=None, statusesCount=None, favouritesCount=None, listedCount=None, mediaCount=None, location=None, protected=None, link=None, profileImageUrl=None, profileBannerUrl=None, label=None)]",https://twitter.com/MarinaSBlinova,4.531984121967534e+17,2014
2014-04-07 16:15:27,2014-04-07 18:15:27,elonmusk,453204415458345024,Twitter for iPhone,What could possibly go wrong? https://t.co/ZhUrllHG95,https://twitter.com/elonmusk/status/453204415458344960,['https://screen.yahoo.com/wall-street-journal/autonomous-drones-navys-next-weapon-190203507.html'],89,312,342,1,,en,,,,,,2014
2014-04-07 16:21:53,2014-04-07 18:21:53,elonmusk,453206036787523584,Twitter for iPhone,"@AKAbrahamson @itsDanielSuarez Yeah, that's worth a read",https://twitter.com/elonmusk/status/453206036787523585,[],0,4,12,0,,en,,,"[User(username='itsDanielSuarez', id=531971062, displayname='Daniel Suarez ‚úçÔ∏è New Book ~ CRITICAL MASS (Jan 24)', rawDescription=None, renderedDescription=None, descriptionLinks=None, verified=None, created=None, followersCount=None, friendsCount=None, statusesCount=None, favouritesCount=None, listedCount=None, mediaCount=None, location=None, protected=None, link=None, profileImageUrl=None, profileBannerUrl=None, label=None)]",,,2014
2014-04-08 15:30:21,2014-04-08 17:30:21,elonmusk,453555454187012096,Twitter for iPhone,Tesla US business leasing program went live today http://t.co/wCH0GLAEAJ,https://twitter.com/elonmusk/status/453555454187012097,['http://teslamotors.com/blog/tesla-business-leasing'],48,239,270,0,,en,,,,,,2014
2014-04-08 16:33:19,2014-04-08 18:33:19,elonmusk,453571298677907520,Twitter for iPhone,"Leasing a Model S takes 5 mins online, no signatures &amp; one tap on car center screen to accept when delivered",https://twitter.com/elonmusk/status/453571298677907456,[],161,674,729,0,,en,,,,,,2014
2014-04-08 16:44:15,2014-04-08 18:44:15,elonmusk,453574051487686720,Twitter for iPhone,"@elonmusk Also, breakfast at Tesla is self-serve cereal (no distinction for execs) and the person mentioned isn't actually an employee",https://twitter.com/elonmusk/status/453574051487686657,[],61,78,240,0,,en,,,"[User(username='elonmusk', id=44196397, displayname='Elon Musk', rawDescription=None, renderedDescription=None, descriptionLinks=None, verified=None, created=None, followersCount=None, friendsCount=None, statusesCount=None, favouritesCount=None, listedCount=None, mediaCount=None, location=None, protected=None, link=None, profileImageUrl=None, profileBannerUrl=None, label=None)]",https://twitter.com/elonmusk,4.531973775043133e+17,2014
2014-04-17 21:59:14,2014-04-17 23:59:14,elonmusk,456914811461197824,"<a href=""http://twitter.com"" rel=""nofollow"">Twitter Web Client</a>",Honored that @NASA would entrust @SpaceX with the Apollo 11 (first moon landing) launch pad http://t.co/LmqxRwsKFW,https://twitter.com/elonmusk/status/456914811461197824,['http://www.nasa.gov/press/2014/april/nasa-signs-agreement-with-spacex-for-use-of-historic-launch-pad/#.U1BNuPldVqw'],96,605,873,1,,en,,,"[User(username='NASA', id=11348282, displayname='NASA', rawDescription=None, renderedDescription=None, descriptionLinks=None, verified=None, created=None, followersCount=None, friendsCount=None, statusesCount=None, favouritesCount=None, listedCount=None, mediaCount=None, location=None, protected=None, link=None, profileImageUrl=None, profileBannerUrl=None, label=None), User(username='SpaceX', id=34743251, displayname='SpaceX', rawDescription=None, renderedDescription=None, descriptionLinks=None, verified=None, created=None, followersCount=None, friendsCount=None, statusesCount=None, favouritesCount=None, listedCount=None, mediaCount=None, location=None, protected=None, link=None, profileImageUrl=None, profileBannerUrl=None, label=None)]",,,2014
2014-04-18 20:40:24,2014-04-18 22:40:24,elonmusk,457257359354519616,Twitter for iPhone,Orbit insertion and Dragon deploy all good. Falcon reentry burn also good. Waiting for landing data from tracking plane.,https://twitter.com/elonmusk/status/457257359354519552,[],72,447,612,0,,en,,,,,,2014
2014-04-18 20:48:15,2014-04-18 22:48:15,elonmusk,457259334414503872,Twitter for iPhone,"Last known state for rocket boost stage is 360 m/s, Mach 1.1, 8.5 km altitude and roll rate close to zero (v important!)",https://twitter.com/elonmusk/status/457259334414503937,[],74,355,492,0,,en,,,,,,2014
2014-04-18 19:11:47,2014-04-18 21:11:47,elonmusk,457235055388020672,"<a href=""http://twitter.com"" rel=""nofollow"">Twitter Web Client</a>",Falcon 9-Reusable with (now retired) Grasshopper test rig in background http://t.co/TmYrs5mm79,https://twitter.com/elonmusk/status/457235055388020736,[],47,334,523,0,,en,,"[Photo(previewUrl='https://pbs.twimg.com/media/Blhs3D-CUAASuFZ?format=jpg&name=small', fullUrl='https://pbs.twimg.com/media/Blhs3D-CUAASuFZ?format=jpg&name=large', altText=None)]",,,,2014
2014-04-18 21:04:35,2014-04-18 23:04:35,elonmusk,457263446086524928,"<a href=""http://twitter.com"" rel=""nofollow"">Twitter Web Client</a>",@MarinaSBlinova Rocket boost stage reaching 0 m/s in one piece :) Will know soon. Odds not high.,https://twitter.com/elonmusk/status/457263446086524930,[],11,32,60,3,,en,,,"[User(username='MarinaSBlinova', id=2394729776, displayname='Marina Blinova', rawDescription=None, renderedDescription=None, descriptionLinks=None, verified=None, created=None, followersCount=None, friendsCount=None, statusesCount=None, favouritesCount=None, listedCount=None, mediaCount=None, location=None, protected=None, link=None, profileImageUrl=None, profileBannerUrl=None, label=None)]",https://twitter.com/MarinaSBlinova,4.572614207997338e+17,2014
2014-04-18 16:20:04,2014-04-18 18:20:04,elonmusk,457191844133097472,Twitter for iPhone,@erwinEmm Need to make sure precision return from hypersonic velocity works in ocean before transitioning to land,https://twitter.com/elonmusk/status/457191844133097472,[],4,18,32,0,,en,,,"[User(username='erwinEmm', id=36758136, displayname='Erwin', rawDescription=None, renderedDescription=None, descriptionLinks=None, verified=None, created=None, followersCount=None, friendsCount=None, statusesCount=None, favouritesCount=None, listedCount=None, mediaCount=None, location=None, protected=None, link=None, profileImageUrl=None, profileBannerUrl=None, label=None)]",https://twitter.com/erwinEmm,4.57189645856428e+17,2014
2014-04-18 15:38:25,2014-04-18 17:38:25,elonmusk,457181362307350528,Twitter for iPhone,Launch to the Space Station in just under three hours if weather holds http://t.co/aBIV4EWOS2,https://twitter.com/elonmusk/status/457181362307350529,['http://www.spacex.com/webcast/'],71,497,399,0,,en,,,,,,2014
2014-04-18 17:40:17,2014-04-18 19:40:17,elonmusk,457212031062392832,Twitter for iPhone,Hexacopter drone vid of 1st F9 rocket booster takeoff &amp; landing w flight design legs http://t.co/FhZX3afK1a,https://twitter.com/elonmusk/status/457212031062392833,['http://youtu.be/0UjWqQPWmsY'],149,998,740,0,,en,,,,,,2014
2014-04-18 16:15:13,2014-04-18 18:15:13,elonmusk,457190623640969216,Twitter for iPhone,Heavy seas in Atlantic preventing our recovery ship from being on station. Maybe they can help? http://t.co/9zZKAqPh6H,https://twitter.com/elonmusk/status/457190623640969216,['http://theaviationist.com/2014/04/17/russian-tug-off-us/'],42,133,195,1,,en,,,,,,2014
2014-04-18 16:08:38,2014-04-18 18:08:38,elonmusk,457188968627310592,Twitter for iPhone,This is 1st ever orbital rocket launch w landing legs. Will attempt leg deploy &amp; soft landing out to sea.,https://twitter.com/elonmusk/status/457188968627310592,[],73,476,533,0,,en,,,,,,2014
2014-04-19 00:16:39,2014-04-19 02:16:39,elonmusk,457311780943822784,"<a href=""http://twitter.com"" rel=""nofollow"">Twitter Web Client</a>",Flight computers continued transmitting for 8 seconds after reaching the water. Stopped when booster went horizontal.,https://twitter.com/elonmusk/status/457311780943822848,[],122,461,577,1,,en,,,,https://twitter.com/elonmusk,4.573077424959939e+17,2014
2014-04-19 00:00:36,2014-04-19 02:00:36,elonmusk,457307742495993920,"<a href=""http://twitter.com"" rel=""nofollow"">Twitter Web Client</a>",Data upload from tracking plane shows landing in Atlantic was good! Several boats enroute through heavy seas.,https://twitter.com/elonmusk/status/457307742495993856,[],163,848,946,1,,en,,,,,,2014
2014-04-24 21:26:17,2014-04-24 23:26:17,elonmusk,459443233290866688,"<a href=""http://twitter.com"" rel=""nofollow"">Twitter Web Client</a>",FTC blog supports direct car sales as good for consumers http://t.co/FfqvAKVfFF,https://twitter.com/elonmusk/status/459443233290866688,['http://www.ftc.gov/news-events/blogs/competition-matters/2014/04/who-decides-how-consumers-should-shop'],43,277,289,1,,en,,,,,,2014
2014-04-24 21:47:59,2014-04-24 23:47:59,elonmusk,459448693444206592,"<a href=""http://twitter.com"" rel=""nofollow"">Twitter Web Client</a>",100th @TeslaMotors Supercharger goes live http://t.co/jgCWF4qxCd,https://twitter.com/elonmusk/status/459448693444206592,['http://www.teslamotors.com/blog/100-supercharger-stations'],45,323,408,1,,en,,,,,,2014
2014-04-26 03:07:36,2014-04-26 05:07:36,elonmusk,459891514781364224,Twitter for iPhone,Letter from @SenJohnMcCain to DoD Inspector General questioning uncompeted space launch contract http://t.co/Bq6raOKSHM,https://twitter.com/elonmusk/status/459891514781364224,['http://www.mccain.senate.gov/public/index.cfm/press-releases?ID=c6782e97-ca58-47c4-991f-4587c8da1e9d'],62,226,322,0,,en,,,"[User(username='SenJohnMcCain', id=19394188, displayname='John McCain', rawDescription=None, renderedDescription=None, descriptionLinks=None, verified=None, created=None, followersCount=None, friendsCount=None, statusesCount=None, favouritesCount=None, listedCount=None, mediaCount=None, location=None, protected=None, link=None, profileImageUrl=None, profileBannerUrl=None, label=None)]",,,2014
2014-04-29 02:55:39,2014-04-29 04:55:39,elonmusk,460975671603634176,Twitter for iPhone,@KAlHomoud Superchargers in Canada will go live in 6 to 8 weeks. Update on forums shortly.,https://twitter.com/elonmusk/status/460975671603634176,[],6,22,39,0,,en,,,"[User(username='KAlHomoud', id=68457169, displayname='Khalid AlHomoud', rawDescription=None, renderedDescription=None, descriptionLinks=None, verified=None, created=None, followersCount=None, friendsCount=None, statusesCount=None, favouritesCount=None, listedCount=None, mediaCount=None, location=None, protected=None, link=None, profileImageUrl=None, profileBannerUrl=None, label=None)]",https://twitter.com/KAlHomoud,4.608024625896653e+17,2014
2014-04-29 08:13:10,2014-04-29 10:13:10,elonmusk,461055579650129920,Twitter for iPhone,@nitroc3ll yes,https://twitter.com/elonmusk/status/461055579650129920,[],1,2,12,0,,und,,,"[User(username='nitroc3ll', id=26680636, displayname='Nitroc3ll', rawDescription=None, renderedDescription=None, descriptionLinks=None, verified=None, created=None, followersCount=None, friendsCount=None, statusesCount=None, favouritesCount=None, listedCount=None, mediaCount=None, location=None, protected=None, link=None, profileImageUrl=None, profileBannerUrl=None, label=None)]",https://twitter.com/nitroc3ll,4.610554353329398e+17,2014
2014-04-29 08:19:25,2014-04-29 10:19:25,elonmusk,461057152111505408,Twitter for iPhone,@constrainedbyc no problem,https://twitter.com/elonmusk/status/461057152111505408,[],3,2,29,1,,en,,,"[User(username='constrainedbyc', id=1601171488832364544, displayname='Fashion Show', rawDescription=None, renderedDescription=None, descriptionLinks=None, verified=None, created=None, followersCount=None, friendsCount=None, statusesCount=None, favouritesCount=None, listedCount=None, mediaCount=None, location=None, protected=None, link=None, profileImageUrl=None, profileBannerUrl=None, label=None)]",,,2014
2014-04-29 08:19:51,2014-04-29 10:19:51,elonmusk,461057260853022720,Twitter for iPhone,@micahgtb almost,https://twitter.com/elonmusk/status/461057260853022720,[],0,2,13,0,,en,,,,,,2014
2014-04-29 23:01:13,2014-04-30 01:01:13,elonmusk,461279062837968896,"<a href=""http://twitter.com"" rel=""nofollow"">Twitter Web Client</a>",Sounds like this might be a good time to unveil the new Dragon Mk 2 spaceship that @SpaceX has been working on w @NASA. No trampoline needed,https://twitter.com/elonmusk/status/461279062837968897,[],138,1313,1609,10,,en,,,"[User(username='SpaceX', id=34743251, displayname='SpaceX', rawDescription=None, renderedDescription=None, descriptionLinks=None, verified=None, created=None, followersCount=None, friendsCount=None, statusesCount=None, favouritesCount=None, listedCount=None, mediaCount=None, location=None, protected=None, link=None, profileImageUrl=None, profileBannerUrl=None, label=None), User(username='NASA', id=11348282, displayname='NASA', rawDescription=None, renderedDescription=None, descriptionLinks=None, verified=None, created=None, followersCount=None, friendsCount=None, statusesCount=None, favouritesCount=None, listedCount=None, mediaCount=None, location=None, protected=None, link=None, profileImageUrl=None, profileBannerUrl=None, label=None)]",,,2014
2014-04-29 23:18:19,2014-04-30 01:18:19,elonmusk,461283368693669888,"<a href=""http://twitter.com"" rel=""nofollow"">Twitter Web Client</a>","Cover drops on May 29. Actual flight design hardware of crew Dragon, not a mockup.",https://twitter.com/elonmusk/status/461283368693669888,[],86,401,528,0,,en,,,,https://twitter.com/elonmusk,4.612790628379689e+17,2014
2014-05-02 05:24:30,2014-05-02 07:24:30,elonmusk,462100295896412224,Twitter for iPhone,"Second flight of Falcon 9-R. 1000m, hover and land (with cows) http://t.co/tixmBH5sw6",https://twitter.com/elonmusk/status/462100295896412160,['http://m.youtube.com/watch?feature=youtu.be&v=ZwwS4YOTbbw'],304,1453,1142,1,,en,,,,,,2014
2014-05-02 05:41:55,2014-05-02 07:41:55,elonmusk,462104679116050432,Twitter for iPhone,@rocketrepreneur ~40%,https://twitter.com/elonmusk/status/462104679116050432,[],15,11,61,0,,und,,,"[User(username='rocketrepreneur', id=39651952, displayname='Jonathan A. Goff', rawDescription=None, renderedDescription=None, descriptionLinks=None, verified=None, created=None, followersCount=None, friendsCount=None, statusesCount=None, favouritesCount=None, listedCount=None, mediaCount=None, location=None, protected=None, link=None, profileImageUrl=None, profileBannerUrl=None, label=None)]",https://twitter.com/rocketrepreneur,4.621022132092436e+17,2014
2014-05-08 19:47:23,2014-05-08 21:47:23,elonmusk,464491775264960512,Twitter for iPhone,Trouble in Missouri. Auto dealers trying to sneak in a monopoly creation bill today http://t.co/p6zqtsaYpi,https://twitter.com/elonmusk/status/464491775264960512,['http://www.teslamotors.com/blog/trouble-missouri'],128,494,254,0,,en,,,,,,2014
2014-05-10 07:29:03,2014-05-10 09:29:03,elonmusk,465030743962296320,Twitter for iPhone,Worth seeing @ChefTheFilm by @Jon_Favreau. Make sure to plan for a meal afterwards!,https://twitter.com/elonmusk/status/465030743962296320,[],42,100,284,0,,en,,,"[User(username='ChefTheFilm', id=1517877883, displayname='Chef The Film', rawDescription=None, renderedDescription=None, descriptionLinks=None, verified=None, created=None, followersCount=None, friendsCount=None, statusesCount=None, favouritesCount=None, listedCount=None, mediaCount=None, location=None, protected=None, link=None, profileImageUrl=None, profileBannerUrl=None, label=None), User(username='Jon_Favreau', id=22677790, displayname='Jon Favreau', rawDescription=None, renderedDescription=None, descriptionLinks=None, verified=None, created=None, followersCount=None, friendsCount=None, statusesCount=None, favouritesCount=None, listedCount=None, mediaCount=None, location=None, protected=None, link=None, profileImageUrl=None, profileBannerUrl=None, label=None)]",,,2014
2014-05-14 10:12:30,2014-05-14 12:12:30,elonmusk,466521428914094080,Twitter for iPhone,@Oatmeal may all technology in the future follow the zeroth law...,https://twitter.com/elonmusk/status/466521428914094083,[],36,179,444,2,,en,,,"[User(username='Oatmeal', id=4519121, displayname='The Oatmeal', rawDescription=None, renderedDescription=None, descriptionLinks=None, verified=None, created=None, followersCount=None, friendsCount=None, statusesCount=None, favouritesCount=None, listedCount=None, mediaCount=None, location=None, protected=None, link=None, profileImageUrl=None, profileBannerUrl=None, label=None)]",https://twitter.com/Oatmeal,4.663128647401718e+17,2014
2014-05-14 10:00:15,2014-05-14 12:00:15,elonmusk,466518346574626816,Twitter for iPhone,@Oatmeal I would be happy to help,https://twitter.com/elonmusk/status/466518346574626817,[],429,2577,4508,1,,en,,,"[User(username='Oatmeal', id=4519121, displayname='The Oatmeal', rawDescription=None, renderedDescription=None, descriptionLinks=None, verified=None, created=None, followersCount=None, friendsCount=None, statusesCount=None, favouritesCount=None, listedCount=None, mediaCount=None, location=None, protected=None, link=None, profileImageUrl=None, profileBannerUrl=None, label=None)]",https://twitter.com/Oatmeal,4.662673164060631e+17,2014
2014-05-22 05:59:44,2014-05-22 07:59:44,elonmusk,469356919979655168,Twitter Web App,Great progress by @NASASpaceflight members repairing the Falcon 9 ocean landing video http://t.co/DP4y5W5uvZ,https://twitter.com/elonmusk/status/469356919979655168,['http://twitpic.com/e4dm2e'],38,329,475,1,,en,,,"[User(username='NASASpaceflight', id=21292523, displayname='Chris Bergin - NSF', rawDescription=None, renderedDescription=None, descriptionLinks=None, verified=None, created=None, followersCount=None, friendsCount=None, statusesCount=None, favouritesCount=None, listedCount=None, mediaCount=None, location=None, protected=None, link=None, profileImageUrl=None, profileBannerUrl=None, label=None)]",,,2014
2014-05-23 00:45:53,2014-05-23 02:45:53,elonmusk,469640326416982016,Twitter for iPhone,V likely AF official Correll was told by ULA/Rocketdyne that a rich VP job was his if he gave them a sole source contract,https://twitter.com/elonmusk/status/469640326416982016,[],50,364,332,1,,en,,,,,,2014
2014-05-23 00:52:04,2014-05-23 02:52:04,elonmusk,469641881010581504,Twitter for iPhone,"Reason I believe this is likely is that Correll first tried to work at SpaceX, but we turned him down. Our competitor, it seems, did not.",https://twitter.com/elonmusk/status/469641881010581504,[],69,343,384,0,,en,,,,,,2014
2014-05-23 01:01:03,2014-05-23 03:01:03,elonmusk,469644139253215232,Twitter for iPhone,"Either way, this case certainly deserves close examination by the DoD Inspector General per @SenJohnMcCain's request http://t.co/IZ4JO2y3JO",https://twitter.com/elonmusk/status/469644139253215233,['http://www.mccain.senate.gov/public/index.cfm/press-releases?ID=c6782e97-ca58-47c4-991f-4587c8da1e9d'],44,287,395,0,,en,,,"[User(username='SenJohnMcCain', id=19394188, displayname='John McCain', rawDescription=None, renderedDescription=None, descriptionLinks=None, verified=None, created=None, followersCount=None, friendsCount=None, statusesCount=None, favouritesCount=None, listedCount=None, mediaCount=None, location=None, protected=None, link=None, profileImageUrl=None, profileBannerUrl=None, label=None)]",,,2014
2014-05-23 00:40:56,2014-05-23 02:40:56,elonmusk,469639079085486080,Twitter for iPhone,Air Force official awards $10B+ contract uncompeted &amp; then takes lucrative job w funds recipient http://t.co/SHqFYWd3CR,https://twitter.com/elonmusk/status/469639079085486080,['http://nlpc.org/stories/2014/05/18/space-launch-deal-puts-spotlight-revolving-door'],123,1054,561,0,,en,,,,,,2014
2014-05-23 23:27:02,2014-05-24 01:27:02,elonmusk,469982869218004992,"<a href=""https://dev.twitter.com/docs/tfw"" rel=""nofollow"">Twitter for Websites</a>",Contracting official's new job raises questions http://t.co/JhRDGa6vYZ,https://twitter.com/elonmusk/status/469982869218004994,['http://bigstory.ap.org/article/contracting-officers-new-job-raises-questions'],32,183,218,0,,en,,,,,,2014
2014-05-23 23:47:45,2014-05-24 01:47:45,elonmusk,469988081635196928,Twitter for iPhone,"@westcoastbill First, the cheese. Then, the mouse.",https://twitter.com/elonmusk/status/469988081635196928,[],8,12,53,2,,en,,,"[User(username='westcoastbill', id=692023, displayname='bill lee üêæ', rawDescription=None, renderedDescription=None, descriptionLinks=None, verified=None, created=None, followersCount=None, friendsCount=None, statusesCount=None, favouritesCount=None, listedCount=None, mediaCount=None, location=None, protected=None, link=None, profileImageUrl=None, profileBannerUrl=None, label=None)]",https://twitter.com/westcoastbill,4.699869625655009e+17,2014
2014-05-23 23:55:43,2014-05-24 01:55:43,elonmusk,469990086738985024,Twitter for iPhone,"@RichardGarriott Just the air in Dragon. Technically, if a few humans had stowed aboard Dragon on the last flight, they would've been ok.",https://twitter.com/elonmusk/status/469990086738984960,[],9,13,31,0,,en,,,"[User(username='RichardGarriott', id=45176933, displayname='Richard Garriott', rawDescription=None, renderedDescription=None, descriptionLinks=None, verified=None, created=None, followersCount=None, friendsCount=None, statusesCount=None, favouritesCount=None, listedCount=None, mediaCount=None, location=None, protected=None, link=None, profileImageUrl=None, profileBannerUrl=None, label=None)]",https://twitter.com/RichardGarriott,4.699880663843021e+17,2014
2014-05-24 00:42:36,2014-05-24 02:42:36,elonmusk,470001882300444672,Twitter for iPhone,@QuantumG When we launch I want to know that SpaceX has done everything possible to keep the astronauts safe. Only a few more years to go.,https://twitter.com/elonmusk/status/470001882300444674,[],13,31,81,0,,en,,,"[User(username='QuantumG', id=14780356, displayname='Blackbird ü¶â', rawDescription=None, renderedDescription=None, descriptionLinks=None, verified=None, created=None, followersCount=None, friendsCount=None, statusesCount=None, favouritesCount=None, listedCount=None, mediaCount=None, location=None, protected=None, link=None, profileImageUrl=None, profileBannerUrl=None, label=None)]",https://twitter.com/QuantumG,4.699973348612014e+17,2014
2014-05-24 00:20:23,2014-05-24 02:20:23,elonmusk,469996295151972416,Twitter for iPhone,"@QuantumG Dragon V1.1 doesn't have a launch escape system. Probably comparable reliability to Shuttle, but we need to do better.",https://twitter.com/elonmusk/status/469996295151972352,[],4,6,18,0,,en,,,"[User(username='QuantumG', id=14780356, displayname='Blackbird ü¶â', rawDescription=None, renderedDescription=None, descriptionLinks=None, verified=None, created=None, followersCount=None, friendsCount=None, statusesCount=None, favouritesCount=None, listedCount=None, mediaCount=None, location=None, protected=None, link=None, profileImageUrl=None, profileBannerUrl=None, label=None)]",https://twitter.com/QuantumG,4.699936340296458e+17,2014
2014-05-25 17:12:37,2014-05-25 19:12:37,elonmusk,470613418039586816,Twitter for iPhone,Prince Albert &amp; Princess Charlene drove a Tesla around the track to open @F1 Monaco! The honor is much appreciated :) http://t.co/gjQmbm541s,https://twitter.com/elonmusk/status/470613418039586816,[],118,1366,2031,2,,en,,"[Photo(previewUrl='https://pbs.twimg.com/media/Bof0aBOIQAAC8R3?format=jpg&name=small', fullUrl='https://pbs.twimg.com/media/Bof0aBOIQAAC8R3?format=jpg&name=large', altText=None)]","[User(username='F1', id=69008563, displayname='Formula 1', rawDescription=None, renderedDescription=None, descriptionLinks=None, verified=None, created=None, followersCount=None, friendsCount=None, statusesCount=None, favouritesCount=None, listedCount=None, mediaCount=None, location=None, protected=None, link=None, profileImageUrl=None, profileBannerUrl=None, label=None)]",,,2014
2014-05-29 00:21:40,2014-05-29 02:21:40,elonmusk,471808555951980480,Twitter for iPhone,Model S in drag queen competition @CARandDRIVER http://t.co/SHSkETbbWm,https://twitter.com/elonmusk/status/471808555951980544,['http://www.teslamotors.com/sites/default/files/blog_attachments/the-slipperiest-car-on-the-road.pdf'],37,175,216,0,,en,,,"[User(username='CARandDRIVER', id=14342661, displayname='Car and Driver', rawDescription=None, renderedDescription=None, descriptionLinks=None, verified=None, created=None, followersCount=None, friendsCount=None, statusesCount=None, favouritesCount=None, listedCount=None, mediaCount=None, location=None, protected=None, link=None, profileImageUrl=None, profileBannerUrl=None, label=None)]",,,2014
2014-05-29 01:43:56,2014-05-29 03:43:56,elonmusk,471829262215835584,Twitter for iPhone,Amazing repair job of Falcon 9 ocean landing vid by @NASASpaceflight forum. Now shows leg deploy http://t.co/EYoaRjEn9Q,https://twitter.com/elonmusk/status/471829262215835648,['http://www.youtube.com/watch?v=XoufUV5oGTo&sns=em'],37,285,385,0,,en,,,"[User(username='NASASpaceflight', id=21292523, displayname='Chris Bergin - NSF', rawDescription=None, renderedDescription=None, descriptionLinks=None, verified=None, created=None, followersCount=None, friendsCount=None, statusesCount=None, favouritesCount=None, listedCount=None, mediaCount=None, location=None, protected=None, link=None, profileImageUrl=None, profileBannerUrl=None, label=None)]",,,2014
2014-05-31 15:11:37,2014-05-31 17:11:37,elonmusk,472757297685356480,"<a href=""http://twitter.com"" rel=""nofollow"">Twitter Web Client</a>",Recording of Dragon V2 unveil at http://t.co/aBIV4EWOS2,https://twitter.com/elonmusk/status/472757297685356546,['http://www.spacex.com/webcast/'],110,504,506,0,,en,,,,,,2014
2014-06-04 15:35:20,2014-06-04 17:35:20,elonmusk,474212817306787776,Twitter for iPhone,"Ok, but the sloths kinda had it coming ""Humans Blamed for Extinction of Mammoths &amp; Giant Sloths"" http://t.co/pIPW8rjjl2",https://twitter.com/elonmusk/status/474212817306787840,['http://news.yahoo.com/humans-blamed-extinction-mammoths-mastodons-giant-sloths-230217240.html?soc_src=mediacontentsharebuttons'],83,243,323,0,,en,,,,,,2014
2014-06-11 01:31:46,2014-06-11 03:31:46,elonmusk,476537238785114112,Twitter for iPhone,@Ash_Dale I do seriously need a haircut :),https://twitter.com/elonmusk/status/476537238785114112,[],7,4,34,0,,en,,,"[User(username='Ash_Dale', id=262373056, displayname='Ashley Dale', rawDescription=None, renderedDescription=None, descriptionLinks=None, verified=None, created=None, followersCount=None, friendsCount=None, statusesCount=None, favouritesCount=None, listedCount=None, mediaCount=None, location=None, protected=None, link=None, profileImageUrl=None, profileBannerUrl=None, label=None)]",https://twitter.com/AshDoveJay,4.764816989146522e+17,2014
2014-06-12 17:02:05,2014-06-12 19:02:05,elonmusk,477133748949884928,"<a href=""http://twitter.com"" rel=""nofollow"">Twitter Web Client</a>",Regarding Tesla patents http://t.co/gGBWoInh6C,https://twitter.com/elonmusk/status/477133748949884929,['http://www.teslamotors.com/blog/all-our-patent-are-belong-you'],1068,5887,3643,5,,en,,,,,,2014
2014-06-12 22:57:03,2014-06-13 00:57:03,elonmusk,477223079421046784,Twitter for iPhone,"Apparently, lots of confused media inquiries about blog title. Look, we just to make sure they don't set us up the bomb.",https://twitter.com/elonmusk/status/477223079421046785,[],292,1907,2534,3,,en,,,,,,2014
2014-06-17 14:04:52,2014-06-17 16:04:52,elonmusk,478901093733507072,Twitter for iPhone,SolarCity to build the world's largest advanced solar panel factory in upstate New York http://t.co/dI6N9QomaQ,https://twitter.com/elonmusk/status/478901093733507072,['http://blog.solarcity.com/silevo/'],157,1308,1152,8,,en,,,,,,2014
2014-06-17 04:32:53,2014-06-17 06:32:53,elonmusk,478757147459985408,Twitter for iPhone,"Edmunds beats Tesla LA-NY record by several hours! ‚Äú@edmunds: Made it! Our Model S made LA-NY run in 67 hrs and 21 mins""",https://twitter.com/elonmusk/status/478757147459985409,[],62,303,469,0,,en,,,"[User(username='edmunds', id=14287286, displayname='Edmunds', rawDescription=None, renderedDescription=None, descriptionLinks=None, verified=None, created=None, followersCount=None, friendsCount=None, statusesCount=None, favouritesCount=None, listedCount=None, mediaCount=None, location=None, protected=None, link=None, profileImageUrl=None, profileBannerUrl=None, label=None)]",https://twitter.com/edmunds,4.786759284498227e+17,2014
2014-06-17 14:15:57,2014-06-17 16:15:57,elonmusk,478903880793993216,Twitter for iPhone,Goal is for unsubsidized solar power to cost less than grid electricity from coal or fracked gas,https://twitter.com/elonmusk/status/478903880793993216,[],249,1603,1876,2,,en,,,,,,2014
2014-06-19 19:22:25,2014-06-19 21:22:25,elonmusk,479705782720536576,Twitter for iPhone,Test flight of Falcon 9-R with deployable grid fins for better hypersonic thru subsonic control http://t.co/6ZXpvPao2u,https://twitter.com/elonmusk/status/479705782720536577,['http://m.youtube.com/watch?v=DgLBIdVg3EM&feature=youtu.be'],171,658,701,1,,en,,,,,,2014
2014-07-01 14:25:43,2014-07-01 16:25:43,elonmusk,483979768203726784,"<a href=""https://dev.twitter.com/docs/tfw"" rel=""nofollow"">Twitter for Websites</a>",Tesla Model S named top model in perceived quality http://t.co/hOhZMIG78u via @USATODAY,https://twitter.com/elonmusk/status/483979768203726848,['http://usat.ly/1lIT4DE'],67,414,519,0,,en,,,"[User(username='USATODAY', id=15754281, displayname='USA TODAY', rawDescription=None, renderedDescription=None, descriptionLinks=None, verified=None, created=None, followersCount=None, friendsCount=None, statusesCount=None, favouritesCount=None, listedCount=None, mediaCount=None, location=None, protected=None, link=None, profileImageUrl=None, profileBannerUrl=None, label=None)]",,,2014
2014-07-10 16:56:53,2014-07-10 18:56:53,elonmusk,487279300895190976,Twitter for iPhone,Tesla Superchargers delivered over 1GWh last month. Long distance driving growing exponentially http://t.co/vixkd5gkKX,https://twitter.com/elonmusk/status/487279300895191041,['http://www.teslamotors.com/blog/supercharging-milestone'],104,600,642,0,,en,,,,,,2014
2014-07-10 17:26:14,2014-07-10 19:26:14,elonmusk,487286689300086784,Twitter for iPhone,@leroytwin @Tesla_Canada A lot of Canadian Superchargers are in work and will start going live in the next month or so,https://twitter.com/elonmusk/status/487286689300086784,[],21,43,76,0,,en,,,"[User(username='leroytwin', id=156239715, displayname='Leora Eisen', rawDescription=None, renderedDescription=None, descriptionLinks=None, verified=None, created=None, followersCount=None, friendsCount=None, statusesCount=None, favouritesCount=None, listedCount=None, mediaCount=None, location=None, protected=None, link=None, profileImageUrl=None, profileBannerUrl=None, label=None), User(username='Tesla_Canada', id=2569974674, displayname='Tesla Motors Canada', rawDescription=None, renderedDescription=None, descriptionLinks=None, verified=None, created=None, followersCount=None, friendsCount=None, statusesCount=None, favouritesCount=None, listedCount=None, mediaCount=None, location=None, protected=None, link=None, profileImageUrl=None, profileBannerUrl=None, label=None)]",https://twitter.com/leroytwin,4.872847205483233e+17,2014
2014-07-14 16:09:56,2014-07-14 18:09:56,elonmusk,488717037674311680,Twitter for iPhone,Flight 10 of Falcon 9 was good. All six ORBCOMM satellites deployed on target.,https://twitter.com/elonmusk/status/488717037674311682,[],82,430,664,0,,en,,,,,,2014
2014-07-14 16:16:20,2014-07-14 18:16:20,elonmusk,488718649515986880,Twitter for iPhone,"Rocket booster reentry, landing burn &amp; leg deploy were good, but lost hull integrity right after splashdown (aka kaboom)",https://twitter.com/elonmusk/status/488718649515986944,[],108,747,666,2,,en,,,,,,2014
2014-07-14 16:20:38,2014-07-14 18:20:38,elonmusk,488719729599578112,Twitter for iPhone,Detailed review of rocket telemetry needed to tell if due to initial splashdown or subsequent tip over and body slam,https://twitter.com/elonmusk/status/488719729599578112,[],99,266,353,1,,en,,,,,,2014
2014-07-19 02:42:58,2014-07-19 04:42:58,elonmusk,490325897820381184,Twitter for iPhone,"Looks like body slam, maybe from a self-generated wave",https://twitter.com/elonmusk/status/490325897820381185,[],94,129,234,0,,en,,,,https://twitter.com/elonmusk,4.887197295995781e+17,2014
2014-07-23 04:05:37,2014-07-23 06:05:37,elonmusk,491796248148455424,Twitter for iPhone,"‚Äú@SpaceX: Soft water landing of Falcon 9 rocket booster. http://t.co/VxBqBZhHmO

Full update: http://t.co/nH8UqOmN9h‚Äù",https://twitter.com/elonmusk/status/491796248148455425,"['http://youtu.be/CQnR5fhCXkQ', 'http://www.spacex.com/news/2014/07/22/spacex-soft-lands-falcon-9-rocket-first-stage']",75,446,509,0,,en,,,"[User(username='SpaceX', id=34743251, displayname='SpaceX', rawDescription=None, renderedDescription=None, descriptionLinks=None, verified=None, created=None, followersCount=None, friendsCount=None, statusesCount=None, favouritesCount=None, listedCount=None, mediaCount=None, location=None, protected=None, link=None, profileImageUrl=None, profileBannerUrl=None, label=None)]",https://twitter.com/SpaceX,4.916631638598205e+17,2014
2014-07-26 17:23:03,2014-07-26 19:23:03,elonmusk,493084094532956224,Twitter for iPhone,On annual camping trip w kids. Trying a place just south of Carmel in California this year.,https://twitter.com/elonmusk/status/493084094532956160,[],166,106,540,0,,en,,,,,,2014
2014-08-03 01:16:39,2014-08-03 03:16:39,elonmusk,495739993600450624,Twitter for iPhone,Guardians of the Galaxy is great. Best line is when Star-Lord says his spaceship looks like a Jackson Pollock painting under black light.,https://twitter.com/elonmusk/status/495739993600450560,[],93,877,1749,0,,en,,,,,,2014
2014-08-03 02:33:24,2014-08-03 04:33:24,elonmusk,495759307346952192,Twitter for iPhone,Worth reading Superintelligence by Bostrom. We need to be super careful with AI. Potentially more dangerous than nukes.,https://twitter.com/elonmusk/status/495759307346952192,[],507,2351,2955,60,,en,,,,,,2014
2014-08-03 02:37:52,2014-08-03 04:37:52,elonmusk,495760430870978624,Twitter for iPhone,@IrrelevantGamer @masseffect Mass Effect 2 is one of the best games ever. Also love Saints Row IV.,https://twitter.com/elonmusk/status/495760430870978561,[],36,183,505,17,,en,,,"[User(username='IrrelevantGamer', id=2878714165, displayname='Irrelevant Gamer', rawDescription=None, renderedDescription=None, descriptionLinks=None, verified=None, created=None, followersCount=None, friendsCount=None, statusesCount=None, favouritesCount=None, listedCount=None, mediaCount=None, location=None, protected=None, link=None, profileImageUrl=None, profileBannerUrl=None, label=None), User(username='masseffect', id=20747847, displayname='Mass Effect', rawDescription=None, renderedDescription=None, descriptionLinks=None, verified=None, created=None, followersCount=None, friendsCount=None, statusesCount=None, favouritesCount=None, listedCount=None, mediaCount=None, location=None, protected=None, link=None, profileImageUrl=None, profileBannerUrl=None, label=None)]",https://twitter.com/AnIrrelevantDad,4.957595626374595e+17,2014
2014-08-03 03:19:53,2014-08-03 05:19:53,elonmusk,495771005634482176,Twitter for iPhone,"@drwave @itsDanielSuarez Yeah, Daemon is a great read",https://twitter.com/elonmusk/status/495771005634482176,[],13,7,69,0,,en,,,"[User(username='drwave', id=14092590, displayname='Michael B. Johnson', rawDescription=None, renderedDescription=None, descriptionLinks=None, verified=None, created=None, followersCount=None, friendsCount=None, statusesCount=None, favouritesCount=None, listedCount=None, mediaCount=None, location=None, protected=None, link=None, profileImageUrl=None, profileBannerUrl=None, label=None), User(username='itsDanielSuarez', id=531971062, displayname='Daniel Suarez ‚úçÔ∏è New Book ~ CRITICAL MASS (Jan 31)', rawDescription=None, renderedDescription=None, descriptionLinks=None, verified=None, created=None, followersCount=None, friendsCount=None, statusesCount=None, favouritesCount=None, listedCount=None, mediaCount=None, location=None, protected=None, link=None, profileImageUrl=None, profileBannerUrl=None, label=None)]",https://twitter.com/drwave,4.957676906281943e+17,2014
2014-08-03 19:11:50,2014-08-03 21:11:50,elonmusk,496010572333580288,Twitter for iPhone,"While on the subject of AI risk, Our Final Invention by @jrbarrat is also worth reading",https://twitter.com/elonmusk/status/496010572333580289,[],93,143,490,3,,en,,,"[User(username='jrbarrat', id=740719345, displayname='James Barrat', rawDescription=None, renderedDescription=None, descriptionLinks=None, verified=None, created=None, followersCount=None, friendsCount=None, statusesCount=None, favouritesCount=None, listedCount=None, mediaCount=None, location=None, protected=None, link=None, profileImageUrl=None, profileBannerUrl=None, label=None)]",,,2014
2014-08-03 19:18:13,2014-08-03 21:18:13,elonmusk,496012177103663104,Twitter for iPhone,"Hope we're not just the biological boot loader for digital superintelligence. Unfortunately, that is increasingly probable",https://twitter.com/elonmusk/status/496012177103663104,[],632,4194,3638,35,,en,,,,,,2014
2014-08-05 16:53:11,2014-08-05 18:53:11,elonmusk,496700455045840896,Twitter for iPhone,Long exposure of the Falcon 9 predawn launch from Cape Canaveral http://t.co/jQHxIEhuJb,https://twitter.com/elonmusk/status/496700455045840896,[],146,2084,2624,3,,en,,"[Photo(previewUrl='https://pbs.twimg.com/media/BuSibXHCEAEXx5A?format=jpg&name=small', fullUrl='https://pbs.twimg.com/media/BuSibXHCEAEXx5A?format=jpg&name=large', altText=None)]",,,,2014
2014-08-05 15:07:42,2014-08-05 17:07:42,elonmusk,496673908129804288,Twitter for iPhone,"High velocity reentry (2700 lbs/sqft) appeared to succeed, but, as expected, not enough propellant to land for this and the next mission.",https://twitter.com/elonmusk/status/496673908129804288,[],59,171,371,0,,en,,,,,,2014
2014-08-05 00:22:03,2014-08-05 02:22:03,elonmusk,496451029509374016,Twitter for iPhone,Love EFF ‚Äú@arstechnica: EFF inaugurates ‚ÄúStupid Patent of the Month‚Äù http://t.co/3AlePablJ9 by @joemullin‚Äù,https://twitter.com/elonmusk/status/496451029509373952,['http://ars.to/1s6fYIG'],34,342,310,1,,en,,,"[User(username='arstechnica', id=717313, displayname='Ars Technica', rawDescription=None, renderedDescription=None, descriptionLinks=None, verified=None, created=None, followersCount=None, friendsCount=None, statusesCount=None, favouritesCount=None, listedCount=None, mediaCount=None, location=None, protected=None, link=None, profileImageUrl=None, profileBannerUrl=None, label=None), User(username='joemullin', id=18014746, displayname='Joe Mullin', rawDescription=None, renderedDescription=None, descriptionLinks=None, verified=None, created=None, followersCount=None, friendsCount=None, statusesCount=None, favouritesCount=None, listedCount=None, mediaCount=None, location=None, protected=None, link=None, profileImageUrl=None, profileBannerUrl=None, label=None)]",https://twitter.com/arstechnica,4.964445028451738e+17,2014
2014-08-15 20:16:40,2014-08-15 22:16:40,elonmusk,500375541493411776,"<a href=""http://twitter.com"" rel=""nofollow"">Twitter Web Client</a>","Model S drivetrain warranty increased to infinite miles, applies retroactively ... http://t.co/0Gwukwj6qT",https://twitter.com/elonmusk/status/500375541493411840,['http://teslamotors.com/blog/infinite-mile-warranty'],276,1675,1357,0,,en,,,,,,2014
2014-08-15 20:21:05,2014-08-15 22:21:05,elonmusk,500376654040948672,"<a href=""http://twitter.com"" rel=""nofollow"">Twitter Web Client</a>","@BillGates @RyanSeacrest @TEDchris Am a bit under the weather, but will do it!",https://twitter.com/elonmusk/status/500376654040948737,[],55,312,744,1,,en,,,"[User(username='BillGates', id=50393960, displayname='Bill Gates', rawDescription=None, renderedDescription=None, descriptionLinks=None, verified=None, created=None, followersCount=None, friendsCount=None, statusesCount=None, favouritesCount=None, listedCount=None, mediaCount=None, location=None, protected=None, link=None, profileImageUrl=None, profileBannerUrl=None, label=None), User(username='RyanSeacrest', id=16190898, displayname='Ryan Seacrest', rawDescription=None, renderedDescription=None, descriptionLinks=None, verified=None, created=None, followersCount=None, friendsCount=None, statusesCount=None, favouritesCount=None, listedCount=None, mediaCount=None, location=None, protected=None, link=None, profileImageUrl=None, profileBannerUrl=None, label=None), User(username='TEDchris', id=14761795, displayname='Chris Anderson', rawDescription=None, renderedDescription=None, descriptionLinks=None, verified=None, created=None, followersCount=None, friendsCount=None, statusesCount=None, favouritesCount=None, listedCount=None, mediaCount=None, location=None, protected=None, link=None, profileImageUrl=None, profileBannerUrl=None, label=None)]",https://twitter.com/BillGates,5.003410052629135e+17,2014
2014-08-15 20:26:33,2014-08-15 22:26:33,elonmusk,500378028141076480,"<a href=""http://twitter.com"" rel=""nofollow"">Twitter Web Client</a>",@awadsayeed Yes. Technically Model 3 or maybe three horizontal bars. Won't be three vertical bars.,https://twitter.com/elonmusk/status/500378028141076483,[],14,23,73,0,,en,,,"[User(username='awadsayeed', id=14205815, displayname='Awad Sayeed', rawDescription=None, renderedDescription=None, descriptionLinks=None, verified=None, created=None, followersCount=None, friendsCount=None, statusesCount=None, favouritesCount=None, listedCount=None, mediaCount=None, location=None, protected=None, link=None, profileImageUrl=None, profileBannerUrl=None, label=None)]",https://twitter.com/awadsayeed,5.003776166085509e+17,2014
2014-08-19 17:06:01,2014-08-19 19:06:01,elonmusk,501777115860066304,Twitter for iPhone,Wikception http://t.co/fd8r4JI2Tx,https://twitter.com/elonmusk/status/501777115860066304,['http://en.m.wikipedia.org/wiki/List_of_lists_of_lists'],103,879,830,0,,da,,,,,,2014
2014-08-23 00:24:44,2014-08-23 02:24:44,elonmusk,502974683864518720,Twitter for iPhone,Three engine F9R Dev1 vehicle auto-terminated during test flight. No injuries or near injuries. Rockets are tricky ‚Ä¶,https://twitter.com/elonmusk/status/502974683864518657,[],240,951,1052,1,,en,,,,,,2014
2014-08-23 07:11:39,2014-08-23 09:11:39,elonmusk,503077090803986432,Twitter for iPhone,Ad taken out in Palo Alto Daily by two Model S owners is right. Many of the suggestions will be implemented soon. http://t.co/cF43PvJDgQ,https://twitter.com/elonmusk/status/503077090803986432,[],328,1374,2560,0,,en,,"[Photo(previewUrl='https://pbs.twimg.com/media/BvtJ8qZCEAAGVsG?format=jpg&name=small', fullUrl='https://pbs.twimg.com/media/BvtJ8qZCEAAGVsG?format=jpg&name=large', altText=None)]",,,,2014
2014-08-25 20:26:16,2014-08-25 22:26:16,elonmusk,504001838413516800,Twitter for iPhone,@WillOremus That has been my goal from the beginning. Need the Gigafactory for Model 3.,https://twitter.com/elonmusk/status/504001838413516801,[],25,73,163,1,,en,,,"[User(username='WillOremus', id=154016912, displayname='Will Oremus', rawDescription=None, renderedDescription=None, descriptionLinks=None, verified=None, created=None, followersCount=None, friendsCount=None, statusesCount=None, favouritesCount=None, listedCount=None, mediaCount=None, location=None, protected=None, link=None, profileImageUrl=None, profileBannerUrl=None, label=None)]",https://twitter.com/WillOremus,5.04000716613374e+17,2014
2014-08-25 20:58:59,2014-08-25 22:58:59,elonmusk,504010071714840576,Twitter for iPhone,@cermak @Tesla_Europe I agree. We are fixing this plan. Updated map coming soon.,https://twitter.com/elonmusk/status/504010071714840576,[],24,66,210,1,,en,,,"[User(username='cermak', id=10193812, displayname='Milo≈° ƒåerm√°k', rawDescription=None, renderedDescription=None, descriptionLinks=None, verified=None, created=None, followersCount=None, friendsCount=None, statusesCount=None, favouritesCount=None, listedCount=None, mediaCount=None, location=None, protected=None, link=None, profileImageUrl=None, profileBannerUrl=None, label=None), User(username='tesla_europe', id=891546389842456576, displayname='Tesla Europe', rawDescription=None, renderedDescription=None, descriptionLinks=None, verified=None, created=None, followersCount=None, friendsCount=None, statusesCount=None, favouritesCount=None, listedCount=None, mediaCount=None, location=None, protected=None, link=None, profileImageUrl=None, profileBannerUrl=None, label=None)]",https://twitter.com/cermak,5.039528916827628e+17,2014
2014-08-25 21:11:40,2014-08-25 23:11:40,elonmusk,504013262829391872,Twitter for iPhone,Model S limits torque if brake &amp; accel simul pressed. Going to zero torque with brake press would be a safety hazard.,https://twitter.com/elonmusk/status/504013262829391873,[],65,106,277,0,,en,,,,,,2014
2014-08-25 21:13:27,2014-08-25 23:13:27,elonmusk,504013712010018816,Twitter for iPhone,@evanwiththebig @TeslaMotors Expansion to Madrid already underway. Map is being updated. All of Spain &amp; Portugal by end of 2015.,https://twitter.com/elonmusk/status/504013712010018816,[],65,254,239,1,,en,,,,https://twitter.com/blender__user,5.040127102676009e+17,2014
2014-09-01 22:45:28,2014-09-02 00:45:28,elonmusk,506573584890724416,Twitter for iPhone,The graph that really matters http://t.co/FF2AQ0hg15 http://t.co/0Xk2arTzvW,https://twitter.com/elonmusk/status/506573584890724352,['http://slate.me/1pzPSgh'],174,1130,1028,1,,en,,"[Photo(previewUrl='https://pbs.twimg.com/media/Bwe1_aiCIAE4bAa?format=jpg&name=small', fullUrl='https://pbs.twimg.com/media/Bwe1_aiCIAE4bAa?format=jpg&name=large', altText=None)]",,,,2014
2014-09-07 03:29:58,2014-09-07 05:29:58,elonmusk,508457119037681728,Twitter for iPhone,"Launch in ~1.5 hours if weather clears. Lightning tower struck earlier, but no effect on rocket or satellite http://t.co/AWdx9LsFZt",https://twitter.com/elonmusk/status/508457119037681665,[],136,901,1380,2,,en,,"[Photo(previewUrl='https://pbs.twimg.com/media/Bw5nC3FCUAAwW96?format=jpg&name=small', fullUrl='https://pbs.twimg.com/media/Bw5nC3FCUAAwW96?format=jpg&name=large', altText=None)]",,,,2014
2014-09-07 14:07:10,2014-09-07 16:07:10,elonmusk,508617476804865984,Twitter for iPhone,Noodles in Shinjuku http://t.co/MWztTqByuA,https://twitter.com/elonmusk/status/508617476804866048,[],331,7825,14969,947,,in,,"[Photo(previewUrl='https://pbs.twimg.com/media/Bw745ZoCQAA2ACR?format=jpg&name=small', fullUrl='https://pbs.twimg.com/media/Bw745ZoCQAA2ACR?format=jpg&name=large', altText=None)]",,,,2014
2014-09-07 14:27:48,2014-09-07 16:27:48,elonmusk,508622668535304192,Twitter for iPhone,Long exposure of AsiaSat 6 transiting to geo orbit over China http://t.co/mPr2Td9kkx,https://twitter.com/elonmusk/status/508622668535304193,[],77,1279,1822,0,,en,,"[Photo(previewUrl='https://pbs.twimg.com/media/Bw79nnBCUAEcUgF?format=jpg&name=small', fullUrl='https://pbs.twimg.com/media/Bw79nnBCUAEcUgF?format=jpg&name=large', altText=None)]",,,,2014
2014-09-07 15:06:16,2014-09-07 17:06:16,elonmusk,508632347990687680,Twitter for iPhone,@yoshimasa_satoh It was exactly what I was looking for,https://twitter.com/elonmusk/status/508632347990687745,[],8,170,454,17,,en,,,"[User(username='yoshimasa_satoh', id=194820169, displayname='Yoshimasa Satoh, CFA', rawDescription=None, renderedDescription=None, descriptionLinks=None, verified=None, created=None, followersCount=None, friendsCount=None, statusesCount=None, favouritesCount=None, listedCount=None, mediaCount=None, location=None, protected=None, link=None, profileImageUrl=None, profileBannerUrl=None, label=None)]",https://twitter.com/yoshimasa_satoh,5.086313316982743e+17,2014
2014-09-08 08:43:52,2014-09-08 10:43:52,elonmusk,508898503251488768,Twitter for iPhone,Handing over the first Tesla Model S cars in Japan http://t.co/58fzUJBjVs,https://twitter.com/elonmusk/status/508898503251488768,[],108,779,1529,5,,en,,"[Photo(previewUrl='https://pbs.twimg.com/media/Bw_4esRCEAEdRuR?format=jpg&name=small', fullUrl='https://pbs.twimg.com/media/Bw_4esRCEAEdRuR?format=jpg&name=large', altText=None)]",,,,2014
2014-09-08 10:14:37,2014-09-08 12:14:37,elonmusk,508921339626127424,Twitter for iPhone,Excellent explanation of the diff betw getting to orbit vs space (suggested by @MarkusvonRoder) https://t.co/7PD42mkIEz,https://twitter.com/elonmusk/status/508921339626127360,['https://what-if.xkcd.com/58/'],44,587,699,0,,en,,,"[User(username='MarkusvonRoder', id=15289075, displayname='...lacks a certain gravitas, enjoys it.', rawDescription=None, renderedDescription=None, descriptionLinks=None, verified=None, created=None, followersCount=None, friendsCount=None, statusesCount=None, favouritesCount=None, listedCount=None, mediaCount=None, location=None, protected=None, link=None, profileImageUrl=None, profileBannerUrl=None, label=None)]",,,2014
2014-09-09 04:22:47,2014-09-09 06:22:47,elonmusk,509195186875137984,Twitter for iPhone,"Just did crazy Japanese game show called ÈÄÜËª¢„ÅÆÊ≥ïÂâá. I have no idea what happened, but it was awesome http://t.co/oRQlbCH3de",https://twitter.com/elonmusk/status/509195186875138048,[],167,1119,2476,25,,ja,,"[Photo(previewUrl='https://pbs.twimg.com/media/BxEGUhIIIAA9NDM?format=jpg&name=small', fullUrl='https://pbs.twimg.com/media/BxEGUhIIIAA9NDM?format=jpg&name=large', altText=None)]",,,,2014
2014-09-09 05:29:25,2014-09-09 07:29:25,elonmusk,509211956436545472,Twitter for iPhone,Meeting with @JAXA_en in a building called ‚Ä¶ http://t.co/RBS2shPdNY,https://twitter.com/elonmusk/status/509211956436545536,[],53,144,591,1,,en,,"[Photo(previewUrl='https://pbs.twimg.com/media/BxEVkrQIUAEfREg?format=jpg&name=small', fullUrl='https://pbs.twimg.com/media/BxEVkrQIUAEfREg?format=jpg&name=large', altText=None)]","[User(username='JAXA_en', id=104989762, displayname='JAXA(Japan Aerospace Exploration Agency)', rawDescription=None, renderedDescription=None, descriptionLinks=None, verified=None, created=None, followersCount=None, friendsCount=None, statusesCount=None, favouritesCount=None, listedCount=None, mediaCount=None, location=None, protected=None, link=None, profileImageUrl=None, profileBannerUrl=None, label=None)]",,,2014
2014-09-10 06:16:48,2014-09-10 08:16:48,elonmusk,509586265986310080,Twitter for iPhone,@Salina_Snipes sounds about right,https://twitter.com/elonmusk/status/509586265986310144,[],4,0,42,0,,en,,,"[User(username='Salina_Snipes', id=1122437718, displayname='Salina Snipes', rawDescription=None, renderedDescription=None, descriptionLinks=None, verified=None, created=None, followersCount=None, friendsCount=None, statusesCount=None, favouritesCount=None, listedCount=None, mediaCount=None, location=None, protected=None, link=None, profileImageUrl=None, profileBannerUrl=None, label=None)]",https://twitter.com/Salina_Snipes,5.095733718817341e+17,2014
2014-09-11 21:00:40,2014-09-11 23:00:40,elonmusk,510171087498260480,"<a href=""http://twitter.com"" rel=""nofollow"">Twitter Web Client</a>","Official Gigafactory address to be: Electric Avenue, McCarran, Nevada",https://twitter.com/elonmusk/status/510171087498260480,[],263,1341,1734,1,,en,,,,,,2014
2014-09-16 21:13:38,2014-09-16 23:13:38,elonmusk,511986289776681024,"<a href=""http://twitter.com"" rel=""nofollow"">Twitter Web Client</a>",Deeply honored and appreciative of the trust that @NASA has placed in @SpaceX for the future of human spaceflight,https://twitter.com/elonmusk/status/511986289776680960,[],206,1682,2546,1,,en,,,"[User(username='NASA', id=11348282, displayname='NASA', rawDescription=None, renderedDescription=None, descriptionLinks=None, verified=None, created=None, followersCount=None, friendsCount=None, statusesCount=None, favouritesCount=None, listedCount=None, mediaCount=None, location=None, protected=None, link=None, profileImageUrl=None, profileBannerUrl=None, label=None), User(username='SpaceX', id=34743251, displayname='SpaceX', rawDescription=None, renderedDescription=None, descriptionLinks=None, verified=None, created=None, followersCount=None, friendsCount=None, statusesCount=None, favouritesCount=None, listedCount=None, mediaCount=None, location=None, protected=None, link=None, profileImageUrl=None, profileBannerUrl=None, label=None)]",,,2014
2014-09-16 21:18:59,2014-09-16 23:18:59,elonmusk,511987635464585216,"<a href=""http://twitter.com"" rel=""nofollow"">Twitter Web Client</a>",This is the Crew Dragon spacecraft design that we unveiled earlier this year: http://t.co/gmpcAuTgQf,https://twitter.com/elonmusk/status/511987635464585216,['http://www.youtube.com/watch?v=yEQrmDoIRO8'],54,435,605,0,,en,,,,,,2014
2014-09-16 21:20:22,2014-09-16 23:20:22,elonmusk,511987985873502208,"<a href=""http://twitter.com"" rel=""nofollow"">Twitter Web Client</a>","Would also like to congratulate @Boeing, fellow winner of the @NASA commercial crew program",https://twitter.com/elonmusk/status/511987985873502209,[],65,349,777,1,,en,,,"[User(username='Boeing', id=25103967, displayname='The Boeing Company', rawDescription=None, renderedDescription=None, descriptionLinks=None, verified=None, created=None, followersCount=None, friendsCount=None, statusesCount=None, favouritesCount=None, listedCount=None, mediaCount=None, location=None, protected=None, link=None, profileImageUrl=None, profileBannerUrl=None, label=None), User(username='NASA', id=11348282, displayname='NASA', rawDescription=None, renderedDescription=None, descriptionLinks=None, verified=None, created=None, followersCount=None, friendsCount=None, statusesCount=None, favouritesCount=None, listedCount=None, mediaCount=None, location=None, protected=None, link=None, profileImageUrl=None, profileBannerUrl=None, label=None)]",,,2014
2014-09-20 00:00:22,2014-09-20 02:00:22,elonmusk,513115414620954624,"<a href=""http://twitter.com"" rel=""nofollow"">Twitter Web Client</a>",Calendar app w tap to nav &amp; traffic predictor in Tesla V6.0 release will radically improve how the car adapts to the owner over time,https://twitter.com/elonmusk/status/513115414620954624,[],86,323,547,0,,en,,,,,,2014
2014-09-20 03:17:43,2014-09-20 05:17:43,elonmusk,513165076694454272,Twitter for iPhone,@TalulahRiley Good suggestion :),https://twitter.com/elonmusk/status/513165076694454272,[],16,4,50,0,,en,,,"[User(username='TalulahRiley', id=344538987, displayname='Talulah Riley', rawDescription=None, renderedDescription=None, descriptionLinks=None, verified=None, created=None, followersCount=None, friendsCount=None, statusesCount=None, favouritesCount=None, listedCount=None, mediaCount=None, location=None, protected=None, link=None, profileImageUrl=None, profileBannerUrl=None, label=None)]",https://twitter.com/TalulahRiley,5.131642500646502e+17,2014
2014-09-29 06:22:47,2014-09-29 08:22:47,elonmusk,516473142923915328,Twitter for iPhone,"‚Äú@TheDailyShow: The House Science, Space and Technology Committee hearing on global warming. http://t.co/7i5W0Hb39R‚Äù",https://twitter.com/elonmusk/status/516473142923915264,['http://on.cc.com/1vcjuzt'],48,375,436,0,,en,,,"[User(username='TheDailyShow', id=158414847, displayname='The Daily Show', rawDescription=None, renderedDescription=None, descriptionLinks=None, verified=None, created=None, followersCount=None, friendsCount=None, statusesCount=None, favouritesCount=None, listedCount=None, mediaCount=None, location=None, protected=None, link=None, profileImageUrl=None, profileBannerUrl=None, label=None)]",https://twitter.com/TheDailyShow,5.164334490332938e+17,2014
2014-10-02 01:31:18,2014-10-02 03:31:18,elonmusk,517486950589014016,Twitter for iPhone,About time to unveil the D and something else http://t.co/qp23yi59i6,https://twitter.com/elonmusk/status/517486950589014016,[],2033,11342,10587,155,,en,,"[Photo(previewUrl='https://pbs.twimg.com/media/By57o4jCYAECwsq?format=jpg&name=small', fullUrl='https://pbs.twimg.com/media/By57o4jCYAECwsq?format=jpg&name=large', altText=None)]",,,,2014
2014-10-02 03:02:19,2014-10-02 05:02:19,elonmusk,517509858971504576,"<a href=""http://twitter.com"" rel=""nofollow"">Twitter Web Client</a>","I love the Internet. Comments had me literally ROFL. No, it wasn't intentional. Glad I didn't mention the other letter!",https://twitter.com/elonmusk/status/517509858971504640,[],306,1261,2530,2,,en,,,,,,2014
2014-10-09 22:11:52,2014-10-10 00:11:52,elonmusk,520335864053108672,Twitter for iPhone,Just got word that the cumulative miles of the  worldwide Tesla fleet passed half a billion!,https://twitter.com/elonmusk/status/520335864053108736,[],241,986,1902,3,,en,,,,,,2014
2014-10-11 01:10:02,2014-10-11 03:10:02,elonmusk,520743089938251776,Twitter for iPhone,Dual Motor Model S with Autopilot http://t.co/IL7BSn0ZZk,https://twitter.com/elonmusk/status/520743089938251777,['http://teslamotors.com/blog/dual-motor-model-s-and-autopilot'],209,1155,1293,1,,en,,,,,,2014
2014-10-16 05:26:41,2014-10-16 07:26:41,elonmusk,522619616661880832,Twitter for iPhone,Kinda trippy seeing myself on @SouthPark. I've watched the show ever since the J vs SC short. Brian Boitano!,https://twitter.com/elonmusk/status/522619616661880832,[],134,1016,2609,1,,en,,,"[User(username='SouthPark', id=23504870, displayname='South Park', rawDescription=None, renderedDescription=None, descriptionLinks=None, verified=None, created=None, followersCount=None, friendsCount=None, statusesCount=None, favouritesCount=None, listedCount=None, mediaCount=None, location=None, protected=None, link=None, profileImageUrl=None, profileBannerUrl=None, label=None)]",,,2014
2014-10-17 07:24:30,2014-10-17 09:24:30,elonmusk,523011654515032128,"<a href=""http://twitter.com"" rel=""nofollow"">Twitter Web Client</a>",Michigan auto dealers trying to pass anti-consumer legislation http://t.co/qEr5oz3CyE,https://twitter.com/elonmusk/status/523011654515032064,['http://teslamotors.com/blog/raw-deal-michigan'],138,604,394,0,,en,,,,,,2014
2014-10-18 01:53:18,2014-10-18 03:53:18,elonmusk,523290693612367872,Twitter for iPhone,Infrared video of Falcon rocket reentry captured by @NASA tracking cameras http://t.co/GQLCFLlrUC,https://twitter.com/elonmusk/status/523290693612367872,['http://m.youtube.com/watch?v=_UFjK_CFKgA&feature=youtu.be'],61,514,639,0,,en,,,"[User(username='NASA', id=11348282, displayname='NASA', rawDescription=None, renderedDescription=None, descriptionLinks=None, verified=None, created=None, followersCount=None, friendsCount=None, statusesCount=None, favouritesCount=None, listedCount=None, mediaCount=None, location=None, protected=None, link=None, profileImageUrl=None, profileBannerUrl=None, label=None)]",,,2014
2014-10-26 18:18:37,2014-10-26 19:18:37,elonmusk,526437760274792384,Twitter for iPhone,Was going to work out this morning. Went to IHOP instead.,https://twitter.com/elonmusk/status/526437760274792448,[],416,1802,4060,6,,en,,,,,,2014
2014-10-28 05:50:46,2014-10-28 06:50:46,elonmusk,526974332052844480,Twitter for iPhone,"Also, lease price improvement is due to US Bank deal. It is *not* a discount. Revenue to Tesla is unchanged.",https://twitter.com/elonmusk/status/526974332052844544,[],62,240,518,0,,en,,,,https://twitter.com/elonmusk,5.269712012314092e+17,2014
2014-10-28 05:38:19,2014-10-28 06:38:19,elonmusk,526971201231409216,Twitter for iPhone,Article in @WSJ re Tesla sales is incorrect. September was a record high WW and up 65% year-over-year in North America.,https://twitter.com/elonmusk/status/526971201231409152,[],136,628,939,2,,en,,,"[User(username='WSJ', id=3108351, displayname='The Wall Street Journal', rawDescription=None, renderedDescription=None, descriptionLinks=None, verified=None, created=None, followersCount=None, friendsCount=None, statusesCount=None, favouritesCount=None, listedCount=None, mediaCount=None, location=None, protected=None, link=None, profileImageUrl=None, profileBannerUrl=None, label=None)]",,,2014
2014-10-28 23:54:52,2014-10-29 00:54:52,elonmusk,527247155954610176,Twitter for iPhone,Sorry to hear about the @OrbitalSciences launch. Hope they recover soon.,https://twitter.com/elonmusk/status/527247155954610176,[],139,863,1332,0,,en,,,"[User(username='OrbitalSciences', id=2845385128, displayname='Orbital Sciences', rawDescription=None, renderedDescription=None, descriptionLinks=None, verified=None, created=None, followersCount=None, friendsCount=None, statusesCount=None, favouritesCount=None, listedCount=None, mediaCount=None, location=None, protected=None, link=None, profileImageUrl=None, profileBannerUrl=None, label=None)]",,,2014
2014-10-31 22:52:40,2014-10-31 23:52:40,elonmusk,528318667306446784,Twitter for iPhone,Deepest sympathies to the families of the pilots and the Virgin Galactic team,https://twitter.com/elonmusk/status/528318667306446848,[],75,1039,1656,1,,en,,,,,,2014
2014-11-04 02:53:09,2014-11-04 03:53:09,elonmusk,529466348976345088,"<a href=""http://twitter.com"" rel=""nofollow"">Twitter Web Client</a>",Review of performance version of dual motor Model S by @MotorTrend http://t.co/wSsbXFdv42,https://twitter.com/elonmusk/status/529466348976345088,['http://motortrend.com/roadtests/alternative/1411_2015_tesla_model_s_p85d_first_test/'],93,556,662,0,,en,,,"[User(username='MotorTrend', id=25383000, displayname='motortrend', rawDescription=None, renderedDescription=None, descriptionLinks=None, verified=None, created=None, followersCount=None, friendsCount=None, statusesCount=None, favouritesCount=None, listedCount=None, mediaCount=None, location=None, protected=None, link=None, profileImageUrl=None, profileBannerUrl=None, label=None)]",,,2014
2014-11-07 05:56:03,2014-11-07 06:56:03,elonmusk,530599540995260416,Twitter for iPhone,Astronauts Play With Blobs of Water in Zero Gravity http://t.co/SeCDcWTnJv,https://twitter.com/elonmusk/status/530599540995260416,['http://www.slate.com/blogs/future_tense/2014/11/06/astronauts_on_the_international_space_station_play_with_balls_of_water_in.html?wpsrc'],92,483,549,0,,en,,,,,,2014
2014-11-11 02:19:47,2014-11-11 03:19:47,elonmusk,531994668608024576,Twitter for iPhone,SpaceX is still in the early stages of developing advanced micro-satellites operating in large formations. Announcement in 2 to 3 months.,https://twitter.com/elonmusk/status/531994668608024576,[],223,2025,2240,2,,en,,,,,,2014
2014-11-11 02:26:03,2014-11-11 03:26:03,elonmusk,531996243904716800,Twitter for iPhone,@Shmizer1 unfettered certainly and at very low cost,https://twitter.com/elonmusk/status/531996243904716800,[],24,53,141,2,,en,,,"[User(username='Shmizer1', id=407809683, displayname='Taras', rawDescription=None, renderedDescription=None, descriptionLinks=None, verified=None, created=None, followersCount=None, friendsCount=None, statusesCount=None, favouritesCount=None, listedCount=None, mediaCount=None, location=None, protected=None, link=None, profileImageUrl=None, profileBannerUrl=None, label=None)]",https://twitter.com/Shmizer1,5.319957688909947e+17,2014
2014-11-18 15:36:09,2014-11-18 16:36:09,elonmusk,534731793832751104,Twitter for iPhone,Tesla comic book http://t.co/enyjX9bcGE,https://twitter.com/elonmusk/status/534731793832751106,[],101,614,1230,4,,es,,"[Photo(previewUrl='https://pbs.twimg.com/media/B2u_uw9CMAEgS_H?format=jpg&name=small', fullUrl='https://pbs.twimg.com/media/B2u_uw9CMAEgS_H?format=jpg&name=large', altText=None)]",,,,2014
2014-11-19 15:02:00,2014-11-19 16:02:00,elonmusk,535085589456879616,Twitter for iPhone,Really hate it when companies bring out an awesome show car and then you can never actually buy it. So lame.,https://twitter.com/elonmusk/status/535085589456879616,[],277,1603,2985,34,,en,,,,,,2014
2014-11-19 14:59:48,2014-11-19 15:59:48,elonmusk,535085033904558080,Twitter for iPhone,"Rumors about canceling Falcon wing doors are false. At Tesla, the production car will always be better than the show car.",https://twitter.com/elonmusk/status/535085033904558080,[],116,1157,2115,1,,en,,,,,,2014
2014-11-21 21:21:39,2014-11-21 22:21:39,elonmusk,535905906442403776,"<a href=""http://twitter.com"" rel=""nofollow"">Twitter Web Client</a>",About the Nevada deal with Tesla ... http://t.co/hAeyOc5OzC,https://twitter.com/elonmusk/status/535905906442403840,['http://ts.la/j1'],66,361,508,0,,en,,,,,,2014
2014-11-21 21:55:39,2014-11-21 22:55:39,elonmusk,535914463388782592,Twitter for iPhone,Cuteness overload MT ‚Äú@WIRED: A baby baboon snuggled with a teddy bear http://t.co/wuovq1HPEY http://t.co/UHK8MnGj4i‚Äù,https://twitter.com/elonmusk/status/535914463388782592,['http://wrd.cm/1r5KMEU'],91,719,1194,1,,en,,"[Photo(previewUrl='https://pbs.twimg.com/media/B2_oAbrIEAAdLIM?format=jpg&name=small', fullUrl='https://pbs.twimg.com/media/B2_oAbrIEAAdLIM?format=jpg&name=large', altText=None)]","[User(username='WIRED', id=1344951, displayname='WIRED', rawDescription=None, renderedDescription=None, descriptionLinks=None, verified=None, created=None, followersCount=None, friendsCount=None, statusesCount=None, favouritesCount=None, listedCount=None, mediaCount=None, location=None, protected=None, link=None, profileImageUrl=None, profileBannerUrl=None, label=None)]",https://twitter.com/WIRED,5.35901974915711e+17,2014
2014-11-22 21:21:28,2014-11-22 22:21:28,elonmusk,536268250620125184,Twitter for iPhone,@John_Gardi Using legs as air brakes to drop terminal velocity in half requires slight redesign &amp; more data. Maybe flight 21.,https://twitter.com/elonmusk/status/536268250620125185,[],7,28,62,0,,en,,,"[User(username='John_Gardi', id=227343379, displayname='Just A. Tinker ‚úåÔ∏è', rawDescription=None, renderedDescription=None, descriptionLinks=None, verified=None, created=None, followersCount=None, friendsCount=None, statusesCount=None, favouritesCount=None, listedCount=None, mediaCount=None, location=None, protected=None, link=None, profileImageUrl=None, profileBannerUrl=None, label=None)]",https://twitter.com/John_Gardi,5.362667325798728e+17,2014
2014-11-22 20:42:54,2014-11-22 21:42:54,elonmusk,536258543675252672,"<a href=""http://www.apple.com"" rel=""nofollow"">iOS</a>",Testing operation of hypersonic grid fins (x-wing config) going on next flight http://t.co/O1tMSIXxsT,https://twitter.com/elonmusk/status/536258543675252739,[],152,1174,1631,0,,en,,"[Photo(previewUrl='https://pbs.twimg.com/media/B3EsTeDIUAAO86M?format=jpg&name=small', fullUrl='https://pbs.twimg.com/media/B3EsTeDIUAAO86M?format=jpg&name=large', altText=None)]",,,,2014
2014-11-22 21:01:39,2014-11-22 22:01:39,elonmusk,536263260056850432,Twitter for iPhone,"Base is 300 ft by 100 ft, with wings that extend width to 170 ft. Will allow refuel &amp; rocket flyback in future.",https://twitter.com/elonmusk/status/536263260056850432,[],55,318,600,3,,en,,,,https://twitter.com/elonmusk,5.362626246533652e+17,2014
2014-11-22 21:11:30,2014-11-22 22:11:30,elonmusk,536265739486121984,Twitter for iPhone,"Grid fins are stowed on ascent and then deploy on reentry for ""x-wing"" style control. Each fin moves independently for pitch/yaw/roll.",https://twitter.com/elonmusk/status/536265739486121985,[],82,262,572,0,,en,,,,https://twitter.com/elonmusk,5.362585436752527e+17,2014
2014-11-23 03:03:22,2014-11-23 04:03:22,elonmusk,536354292396228608,Twitter for iPhone,"@ID_AA_Carmack That works for Dragon, but hard to do for something long like Falcon",https://twitter.com/elonmusk/status/536354292396228608,[],25,24,90,0,,en,,,"[User(username='ID_AA_Carmack', id=175624200, displayname='John Carmack', rawDescription=None, renderedDescription=None, descriptionLinks=None, verified=None, created=None, followersCount=None, friendsCount=None, statusesCount=None, favouritesCount=None, listedCount=None, mediaCount=None, location=None, protected=None, link=None, profileImageUrl=None, profileBannerUrl=None, label=None)]",https://twitter.com/ID_AA_Carmack,5.363311346455839e+17,2014
2014-11-23 01:08:48,2014-11-23 02:08:48,elonmusk,536325460318519296,Twitter for iPhone,@ID_AA_Carmack No choice. Entry velocity too high for a precision landing with N2 thrusters alone. Must have aero surfaces for pitch trim.,https://twitter.com/elonmusk/status/536325460318519296,[],14,39,88,0,,en,,,"[User(username='ID_AA_Carmack', id=175624200, displayname='John Carmack', rawDescription=None, renderedDescription=None, descriptionLinks=None, verified=None, created=None, followersCount=None, friendsCount=None, statusesCount=None, favouritesCount=None, listedCount=None, mediaCount=None, location=None, protected=None, link=None, profileImageUrl=None, profileBannerUrl=None, label=None)]",https://twitter.com/ID_AA_Carmack,5.362779628036506e+17,2014
2014-11-23 01:14:25,2014-11-23 02:14:25,elonmusk,536326873916374976,Twitter for iPhone,"The flight grid fins look like the ones on this test we did, but larger: https://t.co/gTaURQQeyx",https://twitter.com/elonmusk/status/536326873916375040,['https://m.youtube.com/watch?v=DgLBIdVg3EM'],95,383,542,0,,en,,,,,,2014
2014-11-24 22:53:05,2014-11-24 23:53:05,elonmusk,537016081915719680,"<a href=""http://twitter.com"" rel=""nofollow"">Twitter Web Client</a>",Welcome back @RicardoR to run the @TeslaMotors communications team!,https://twitter.com/elonmusk/status/537016081915719680,[],95,116,319,1,,en,,,"[User(username='ricardor', id=14485933, displayname='ricardo reyes', rawDescription=None, renderedDescription=None, descriptionLinks=None, verified=None, created=None, followersCount=None, friendsCount=None, statusesCount=None, favouritesCount=None, listedCount=None, mediaCount=None, location=None, protected=None, link=None, profileImageUrl=None, profileBannerUrl=None, label=None)]",,,2014
2014-12-08 16:59:51,2014-12-08 17:59:51,elonmusk,542000615287574528,Twitter for iPhone,Reread Asimov's Foundation series. Brilliant.,https://twitter.com/elonmusk/status/542000615287574528,[],191,545,1473,5,,en,,,,,,2014
2014-12-08 17:15:22,2014-12-08 18:15:22,elonmusk,542004522298535872,Twitter for iPhone,Dune series by Herbert also brilliant. He advocates placing limits on machine intelligence.,https://twitter.com/elonmusk/status/542004522298535936,[],223,435,1036,10,,en,,,,,,2014
2014-12-19 15:36:11,2014-12-19 16:36:11,elonmusk,545965826054963200,Twitter for iPhone,Falcon/Dragon launch punted to early Jan. Need time to review all systems thoroughly again.,https://twitter.com/elonmusk/status/545965826054963200,[],52,208,405,0,,en,,,,,,2014
2014-12-19 15:40:54,2014-12-19 16:40:54,elonmusk,545967015521820672,Twitter for iPhone,Pack swap now operating in limited beta mode for SF to LA route. Can swap battery faster than visiting a gas station. Tesla blog out soon.,https://twitter.com/elonmusk/status/545967015521820672,[],105,785,1010,9,,en,,,,,,2014
2014-12-19 19:07:24,2014-12-19 20:07:24,elonmusk,546018982927413184,Twitter for iPhone,Tesla fast battery swap details http://t.co/4XWWUlOeQE,https://twitter.com/elonmusk/status/546018982927413248,['http://ts.la/h6'],77,615,775,2,,en,,,,,,2014
2014-12-19 21:32:36,2014-12-19 22:32:36,elonmusk,546055521351270400,"<a href=""http://twitter.com"" rel=""nofollow"">Twitter Web Client</a>",I'd recommend competing for the $10M Learning XPRIZE. Illiteracy is the wellspring of poverty. http://t.co/NLuFheVmpx,https://twitter.com/elonmusk/status/546055521351270402,['http://learning.xprize.org'],59,636,718,1,,en,,,,,,2014
2014-12-20 23:55:27,2014-12-21 00:55:27,elonmusk,546453860936474624,Twitter for iPhone,Nothing against all the oatmeal-raisin cookies out there. Just be yourself.,https://twitter.com/elonmusk/status/546453860936474625,[],107,754,1438,2,,en,,,,,,2014
2014-12-20 23:42:49,2014-12-21 00:42:49,elonmusk,546450680689356800,Twitter for iPhone,Really should be a rule that oatmeal-raisin cookies can't look too much like choc chip. Doppelg√§nger cookie trickery!,https://twitter.com/elonmusk/status/546450680689356800,[],259,1968,3173,6,,en,,,,,,2014
2014-12-25 23:22:08,2014-12-26 00:22:08,elonmusk,548257415536594880,Twitter for iPhone,Roadster upgrade will enable non-stop travel from LA to SF -- almost 400 mile range. Details tmrw. Merry Christmas!,https://twitter.com/elonmusk/status/548257415536594944,[],198,1563,2230,1,,en,,,,,,2014
2014-12-26 00:06:08,2014-12-26 01:06:08,elonmusk,548268486003535872,Twitter for iPhone,"Reading The Culture series by Banks. Compelling picture of a grand, semi-utopian galactic future. Hopefully not too optimistic about AI.",https://twitter.com/elonmusk/status/548268486003535872,[],140,242,909,3,,en,,,,,,2014
2014-12-26 22:09:11,2014-12-26 23:09:11,elonmusk,548601442638917632,Twitter for iPhone,Roadster upgrade details http://t.co/9RZVMCJeMJ,https://twitter.com/elonmusk/status/548601442638917633,['http://ts.la/qA'],104,436,689,0,,en,,,,,,2014
2014-12-30 20:46:18,2014-12-30 21:46:18,elonmusk,550030135446220800,Twitter Web App,Model S range curves in detail by version http://t.co/DGIKGTIagW,https://twitter.com/elonmusk/status/550030135446220801,['http://ts.la/c7'],47,317,470,0,,en,,,,,,2014
2014-12-31 14:27:34,2014-12-31 15:27:34,elonmusk,550297212769402880,Twitter Web App,"Btw, we are actually working on a charger that automatically moves out from the wall &amp; connects like a solid metal snake. For realz.",https://twitter.com/elonmusk/status/550297212769402881,[],519,3928,4683,35,,en,,,,,,2014
